Index	Change_case	Label	TrASPr_pred	SpliceAI_pred
WT	False	0.8838371132888267	0.885159	0.91125375
1	False	0.9125814155449414	0.88645726	0.8616805
2	False	0.9268780495532603	0.8735993	0.92183954
13	False	0.7452830188679245	0.87695044	0.93575346
15	False	0.9064188325422909	0.90082234	0.9235522
18	True	0.24347826086956523	0.8115131	0.8426255
27	False	0.9025333609741866	0.88231665	0.8210705
32	False	0.8247374906246652	0.86330724	0.95322466
33	False	0.7368612454709337	0.8644466	0.7973173
35	False	0.9205084745762713	0.8697273	0.90737534
44	False	0.9746270191511763	0.87261903	0.95738477
46	True	0.0033707865168539327	0.002118648	9.476304e-07
52	False	0.9147766566555804	0.8856707	0.8914014
60	False	0.90215466292021	0.8719762	0.9077198
61	True	0.6259890181157854	0.80200964	0.80845994
65	True	0.11067191503479593	0.5226281	0.6650378
66	False	0.958904109589041	0.86880857	0.90034676
68	False	0.8519119078609163	0.8928093	0.90368015
70	False	0.9558663899752574	0.89443165	0.77866817
77	False	0.9576225946617007	0.83370143	0.92339075
78	False	0.7821639544803387	0.82268554	0.90712035
80	True	0.6176595143986447	0.91286546	0.747955
87	True	0.21982004343779088	0.61637414	0.67502713
91	True	0.5423888036809816	0.8505404	0.9116235
92	False	0.8317298366761066	0.8294175	0.84715354
93	True	0.011627906976744186	0.02454106	2.6535427e-06
94	False	0.8264035087719298	0.80654645	0.80623734
96	False	0.7940199335548173	0.8642418	0.94014627
98	False	0.8594735008144554	0.88876146	0.86066276
104	True	0.6850759842750689	0.8468675	0.89870375
105	False	0.9097596678922479	0.896555	0.86013496
108	False	0.9394432736820286	0.90058315	0.878146
114	False	0.9646899759335875	0.876604	0.97360784
123	False	0.9476430080386293	0.91434073	0.96564007
128	False	0.9163379283642712	0.8581136	0.69207925
136	False	0.8789549428884121	0.84030277	0.94829166
137	False	0.9571033611981887	0.883473	0.9623517
146	False	0.924807688093378	0.8811887	0.90050775
149	False	0.9099193880222946	0.8773763	0.9465319
155	False	0.8785833420202231	0.83312935	0.90481913
163	False	0.9278350515463918	0.89266294	0.7505921
166	False	0.9723888590166342	0.8852466	0.9649704
167	False	0.8318650893531336	0.8815493	0.79524094
170	False	0.8438191822837964	0.85573024	0.93036985
172	True	0.6520671891979657	0.6865614	0.8106505
176	False	0.8885646462483043	0.8800708	0.94416887
178	False	0.8584090828913793	0.8847312	0.9222253
179	False	0.9249344493747479	0.87366825	0.92859715
185	True	0.03393365765129937	0.029737664	0.7540534
189	False	0.9592698154180239	0.8645953	0.95659006
190	True	0.024810664796911307	0.021605704	0.78924936
191	False	0.7969826427025709	0.86142445	0.9378438
197	False	0.8595745186977843	0.8925181	0.88643324
198	False	0.9429339647607375	0.8907672	0.94537914
207	False	0.967741935483871	0.87662685	0.80499077
210	False	0.7931588166601791	0.8561815	0.921367
217	False	0.9181057935700598	0.90614396	0.93103015
218	False	0.802930089820773	0.8869663	0.88592786
219	False	0.9018544429906867	0.86333567	0.93805045
220	True	0.025377689032890026	0.027868388	0.73985875
221	False	0.9212496543005018	0.8747302	0.9013642
222	False	0.927145874160942	0.84608823	0.7612387
225	False	0.9083071588556801	0.8849071	0.879213
229	False	0.8457538339470128	0.82735234	0.97196436
237	False	0.9694009464651667	0.90406126	0.98725957
239	True	0.015643667727813622	0.021251637	0.8013209
242	False	0.9516479045164791	0.85685545	0.8686696
245	False	0.7405979670039696	0.86650443	0.8141929
252	False	0.9243762073195629	0.87666297	0.881673
256	True	0.021113001827692695	0.022434877	0.7836655
258	True	0.6645107141729281	0.90092176	0.91388893
274	False	0.93828197945845	0.90394324	0.8597329
275	True	0.025447158229097953	0.04019445	4.558609e-06
278	True	0.002145922746781116	0.021525847	0.75950146
280	False	0.7652846132675507	0.85170686	0.8864423
284	False	0.7729530706127232	0.8556329	0.9238119
285	False	0.8841861472352008	0.887763	0.8745098
287	False	0.9276903218374839	0.83864486	0.9122566
288	False	0.9004647973607154	0.87749624	0.9019898
297	False	0.8123774509803922	0.85639626	0.90055954
312	True	0.024028031063476625	0.28197858	0.6156465
315	True	0.022724503646253072	0.027181504	7.802464e-05
318	False	0.8672406125345689	0.88232374	0.9290079
320	False	0.7753432811128853	0.8749069	0.896834
326	False	0.9577769334309792	0.8948111	0.9234413
330	False	0.7504562108081448	0.818379	0.92562467
331	False	0.9392604331748547	0.8750287	0.8858687
333	False	0.9172072260584502	0.88846654	0.9116871
336	False	0.7912130510081274	0.8864296	0.8612994
338	True	0.6603769953801029	0.8596261	0.9303711
345	False	0.811965811965812	0.88833266	0.8595889
350	False	0.854440435748207	0.86649543	0.96668863
351	True	0.03382262159621347	0.037109055	0.775335
353	False	0.9162303664921466	0.89315563	0.8935813
363	False	0.9320515564433665	0.8860978	0.8434418
364	False	0.9396114191976052	0.8433957	0.9431801
372	False	0.9251478282406117	0.87797594	0.8038807
373	False	0.846602658788774	0.8980307	0.89437306
377	False	0.9040249667263298	0.87412083	0.94372445
382	False	0.9124489795918367	0.8868098	0.89317876
384	True	0.03831047476271993	0.030549115	0.7041539
386	False	0.8431551873966305	0.7824255	0.8484314
393	False	0.8711612640011868	0.8920461	0.9559444
416	False	0.9285714285714286	0.8745461	0.81585705
417	False	0.8806418582091563	0.8351445	0.8970194
423	False	0.9383683052451721	0.8749597	0.9639951
428	False	0.9538796196627197	0.8801185	0.9701999
430	False	0.9446605655530029	0.8507978	0.88077104
434	False	0.9482758620689655	0.86787146	0.820536
436	False	0.9072126527531701	0.8826047	0.80685806
439	False	0.9420999660474365	0.90505266	0.94338095
440	True	0.016069070353336663	0.06947656	4.3805136e-05
442	False	0.7717152555910542	0.8420842	0.9113593
445	True	0.025702475614602153	0.04216331	0.87486017
447	True	0.022733382872029813	0.055234596	0.75251377
455	False	0.8832849422425868	0.8640419	0.9070792
458	False	0.9504504504504504	0.83872277	0.98270607
463	False	0.9608938547486033	0.8579926	0.98733187
464	False	0.9851190476190477	0.7949717	0.9472499
466	False	0.9480068187778652	0.8756443	0.86588347
473	False	0.9376498800959233	0.8951854	0.9256199
477	False	0.9579324186500573	0.87740105	0.9699563
479	False	0.9025623689662445	0.8719432	0.9275049
484	False	0.9007006704775811	0.85760033	0.9127223
487	False	0.860921926910299	0.88730854	0.9135351
488	False	0.8405286496223932	0.87634844	0.9258262
491	False	0.9519045451847161	0.8462623	0.9772604
493	False	0.8740935083710903	0.8443679	0.73915446
496	False	0.8839917198550975	0.86975133	0.73795813
497	False	0.8718699630297619	0.87432843	0.9559909
501	False	0.8508645501157912	0.87327427	0.8843125
514	False	0.9576141250491919	0.9005261	0.97993934
528	False	0.9116028242896892	0.8800422	0.91944665
541	False	0.8693738937822615	0.8887298	0.9264679
543	False	0.9221598352066367	0.8734286	0.96903455
551	False	0.7761452997734484	0.8343568	0.79739684
558	True	0.1086213613311308	0.4791635	0.6545856
566	False	0.9146415309911453	0.8710498	0.9078822
571	True	0.02130133549482785	0.02577633	9.414846e-06
575	False	0.8635946939127301	0.88768345	0.9207986
577	True	0.05878458665761331	0.046792407	0.53533083
578	True	0.044477976354717105	0.054623332	0.810489
582	False	0.9462993678036586	0.8687954	0.956339
584	False	0.7427108410714969	0.88474435	0.90780705
593	False	0.9583218266535833	0.89103794	0.9635291
594	False	0.9399059976591622	0.9034836	0.88214433
595	False	0.9344341245270038	0.88447464	0.88009137
600	False	0.7761276553965719	0.88043994	0.8436971
607	False	0.7816375867143157	0.8710794	0.7811732
608	False	0.9317647058823529	0.8948146	0.84205294
614	False	0.8950482820970056	0.87705296	0.7852079
622	False	0.8316380058517865	0.86465394	0.87303495
626	False	0.9350358778041092	0.8792521	0.94130576
627	False	0.9531499638418459	0.90207654	0.9768961
636	True	0.013066124626818268	0.031644028	0.803987
643	False	0.89	0.88518316	0.8884632
647	False	0.9402316672472486	0.8829234	0.9731118
649	False	0.956027364466706	0.87922025	0.8729097
650	False	0.805666883419992	0.8835935	0.8832628
652	False	0.8808849502573373	0.8381677	0.9660548
668	True	0.04500103071531643	0.03594391	0.7885955
671	False	0.8734615384615385	0.8850257	0.81832427
673	False	0.8055270108732244	0.87537605	0.8625466
674	False	0.8683029750854575	0.7942064	0.937888
680	True	0.024655899655899656	0.034530375	0.74687403
683	False	0.7698402304871661	0.8267579	0.6818101
689	False	0.9504245754245755	0.9067395	0.8394021
698	False	0.7482841455044612	0.77460986	0.88703406
709	False	0.9486652977412731	0.8955131	0.8328581
710	False	0.8912059241069716	0.8711565	0.842776
711	True	0.029661797672299962	0.03776954	0.92425585
715	False	0.9668213549103601	0.8900633	0.97762215
717	False	0.8519736842105263	0.87565917	0.8747047
723	False	0.7961772341233637	0.8772873	0.86596406
725	False	0.804694528599056	0.8557793	0.70898134
726	False	0.8809523809523809	0.8924202	0.82744616
729	True	0.059259371993055386	0.57579684	0.36192092
734	False	0.881549071919169	0.87581164	0.92287314
737	False	0.9093859024895989	0.88770807	0.89801157
738	False	0.802200203443469	0.88288015	0.8257216
740	False	0.7464220425856604	0.86119485	0.871144
747	False	0.8678751067666318	0.89187986	0.90581036
748	False	0.915813085815599	0.8243826	0.8763979
750	True	0.18154809159697807	0.55684745	0.71527934
757	False	0.8819753590633721	0.8861357	0.77467936
759	False	0.9509170704823608	0.8608101	0.8952182
760	False	0.9670526517817157	0.87186754	0.93896323
764	False	0.8868354759162225	0.8843598	0.894194
767	False	0.8961748633879781	0.86457056	0.68698466
769	False	0.867490332924644	0.8882803	0.9135028
777	False	0.9491803763759025	0.8490179	0.9518107
779	False	0.8744702069309399	0.9002813	0.94702005
784	False	0.8077395577395577	0.8484111	0.77082306
787	False	0.943447637853428	0.8732074	0.66019243
795	False	0.9040956446041953	0.8920672	0.93824816
806	True	0.18446994195862348	0.21488898	0.900391
808	True	0.03746837845434606	0.02840932	0.86848515
813	True	0.6811875236165024	0.86170053	0.8726137
814	False	0.9446576026747613	0.8874987	0.8520501
817	False	0.8721402774078043	0.8672302	0.9157073
819	False	0.9510422027792074	0.8810979	0.9045132
821	False	0.8356097674635351	0.8840702	0.91299164
829	False	0.967900436152538	0.8699761	0.98149693
837	False	0.9220060858472763	0.9075917	0.9185301
846	True	0.6946751277238676	0.8672651	0.72398466
847	False	0.9097615450710277	0.8903224	0.893435
849	False	0.9530916844349681	0.8468799	0.90688294
852	True	0.03223181329076993	0.020281795	0.6899694
856	False	0.9269097347473727	0.88141805	0.95641726
858	False	0.8455373688381489	0.90108496	0.9324271
861	False	0.9499107142857143	0.90422	0.8601328
862	False	0.9175257731958762	0.8813976	0.88072556
865	False	0.9409113988321909	0.8795774	0.967793
867	False	0.9136690647482014	0.9239681	0.7406126
872	False	0.8836936387271958	0.8917675	0.89764756
873	False	0.9268060415467068	0.8713898	0.8254078
874	False	0.9283453429952673	0.88965803	0.94200295
877	False	0.9334376710454297	0.86039174	0.9745706
879	False	0.9016306274370791	0.86428833	0.89705056
881	False	0.8613088516038827	0.67095286	0.77911675
882	False	0.8744546519423305	0.8810262	0.94271195
883	False	0.8137372439877257	0.8975081	0.9076749
884	False	0.8463891081294396	0.847224	0.88341904
892	False	0.8883459433238647	0.8676995	0.9031987
894	False	0.7801603875858243	0.8708367	0.7930653
910	False	0.8177125319091765	0.8975208	0.89353704
912	False	0.884504687243024	0.8823661	0.889763
916	False	0.7756163111880134	0.84542346	0.94450635
921	True	0.6578411405295316	0.87631786	0.8777291
922	False	0.8875281093236465	0.84327465	0.89397126
929	False	0.8878559796894434	0.87508804	0.96345216
938	False	0.9470730992027938	0.89534974	0.8284162
942	False	0.9445987276731098	0.8877235	0.9400922
951	False	0.8933962264150943	0.7350072	0.7891893
952	False	0.9519170190682096	0.8731799	0.9186615
956	False	0.9207034372501999	0.88006383	0.87932587
958	False	0.9016393442622951	0.8770111	0.88493186
960	True	0.7209443419517622	0.8827134	0.85169923
963	False	0.8262422066880786	0.8854619	0.90041083
965	False	0.7543466209196547	0.8561527	0.93508494
974	False	0.7821153554152838	0.86689705	0.77861196
975	False	0.8268240863349787	0.8547218	0.9470045
989	False	0.933306099546172	0.9140798	0.9593824
992	False	0.9127747252747254	0.88747746	0.92857915
996	False	0.9310586473845963	0.84431463	0.96144664
997	False	0.7349852071005917	0.8421255	0.89031523
999	False	0.7709188931659735	0.8554372	0.84098387
1002	True	0.017027715067966763	0.00976815	0.6701061
1004	False	0.9414266908013822	0.8965419	0.85086316
1005	True	0.4905576679340938	0.8650848	0.8118025
1006	True	0.0865821674060352	0.7789713	0.5549962
1012	False	0.8903935698144592	0.8918515	0.9008752
1017	False	0.8921543444270716	0.8813833	0.9052931
1023	False	0.8897630944390584	0.8300381	0.921054
1025	False	0.8357432922407542	0.8724532	0.84409285
1028	False	0.9242939989914272	0.8370725	0.9296296
1029	True	0.15520696181698485	0.60561734	0.7982393
1033	False	0.8590674338374683	0.8579201	0.8541273
1035	False	0.9146629959033622	0.8855594	0.9174299
1041	False	0.8491692416111021	0.8864204	0.9480833
1045	True	0.6484193210236919	0.8504753	0.9259839
1047	False	0.8215777509729549	0.87463987	0.8396698
1055	False	0.7675533637908695	0.7855323	0.96690404
1056	False	0.9399992240014461	0.9080121	0.95007265
1065	True	0.02312585510325623	0.03085373	3.6344878e-05
1072	False	0.8776332389750969	0.879337	0.9151948
1082	False	0.8377895861448492	0.88263386	0.9427856
1084	False	0.7819772429174668	0.87760204	0.91602355
1086	False	0.9611736477185504	0.86149883	0.76332974
1087	True	0.06794520547945206	0.029479735	0.7196328
1092	False	0.8113014718637389	0.8853672	0.8377616
1099	False	0.9039665970772442	0.8767144	0.9852333
1100	False	0.9075033259423504	0.919926	0.88760555
1113	False	0.855263094259322	0.81144196	0.9265237
1116	True	0.0	0.25142157	1.268149e-06
1123	False	0.9363256889567382	0.8260359	0.96483976
1124	True	0.43305570091284373	0.8483454	0.72999394
1137	False	0.9416774970299556	0.87989956	0.948222
1139	False	0.8455699169138704	0.8764901	0.9386085
1141	False	0.9490041845436729	0.9233249	0.9057516
1142	True	0.017105341711581887	0.036424987	3.07595e-05
1144	False	0.7876172716687708	0.87127554	0.8455685
1150	False	0.8994781165145481	0.87736815	0.86619234
1151	True	0.6745470060063009	0.8301971	0.92853785
1152	False	0.8360007925373673	0.81855464	0.929988
1159	False	0.9083540835408355	0.87246644	0.8456481
1160	False	0.9185425514012215	0.87085956	0.9445893
1161	False	0.8007313419684554	0.8461905	0.87039727
1162	False	0.7501685481794107	0.8266694	0.9080486
1169	True	0.6743383737992903	0.8158488	0.8818585
1170	True	0.5595229136302273	0.84509355	0.7423103
1173	False	0.9179351948849475	0.8885364	0.81725055
1180	True	0.334913576285298	0.8367647	0.7795405
1184	False	0.7844875655180106	0.84756553	0.74227226
1186	False	0.8422894738124422	0.8535636	0.6992837
1188	True	0.16405384923831912	0.31134775	0.76971185
1189	False	0.9218110900274088	0.8782009	0.93271685
1192	False	0.9398038301347001	0.8818567	0.9742654
1199	False	0.8995144610833636	0.8747529	0.94665366
1210	False	0.8904858851438746	0.8901914	0.9504458
1211	False	0.9502338658417231	0.87812245	0.9289204
1214	False	0.8736999217055419	0.8476606	0.9358729
1217	True	0.6546376811594203	0.88112605	0.8524497
1221	False	0.8159882824545174	0.86493105	0.82801974
1223	False	0.8447603383458646	0.87602	0.93453467
1241	False	0.8955025319715046	0.8700604	0.8353256
1243	False	0.8989544303267536	0.8964521	0.86288595
1252	False	0.9675097320110424	0.88608927	0.98186904
1255	False	0.8336503105039409	0.8474762	0.91662675
1258	False	0.89004979922062	0.8744445	0.8387966
1265	True	0.030985042701435966	0.032717865	7.929047e-06
1270	False	0.8861782544731693	0.88558096	0.8808422
1271	False	0.9013780794214977	0.87754095	0.8309971
1273	True	0.21362109046536926	0.83985484	0.80055416
1284	False	0.8411203727078458	0.83464766	0.8992368
1285	True	0.025952115797179688	0.03546216	0.79941064
1289	False	0.8689794580957966	0.88239306	0.9345525
1293	False	0.9652173913043478	0.920486	0.827041
1296	False	0.9253758022745187	0.89384526	0.8883688
1311	False	0.8498163873017878	0.88710946	0.8968396
1313	True	0.638636560918695	0.8475528	0.7537057
1315	False	0.8466348019936316	0.8691769	0.8951254
1316	False	0.8869462010470812	0.8839246	0.91892403
1320	False	0.8306084531444724	0.8671721	0.934859
1321	False	0.941747572815534	0.88047755	0.8622284
1322	True	0.7236595425571803	0.8096715	0.66921204
1323	False	0.793289786346161	0.85894835	0.9789934
1324	False	0.9142512077294686	0.88838637	0.8673531
1325	True	0.593558282208589	0.042002752	0.90820277
1333	False	0.7435830508594143	0.8816975	0.85672987
1334	False	0.8227765370467682	0.9052373	0.89258385
1337	False	0.7830394993607429	0.8691519	0.8258444
1353	True	0.053940034926138095	0.4891773	0.48460555
1355	False	0.8652112543230261	0.8710384	0.893791
1358	False	0.943502824858757	0.8737591	0.8547648
1361	False	0.8556509889623337	0.8659089	0.79200035
1362	False	0.9018231091401823	0.8345266	0.9568011
1364	True	0.09089593284122159	0.06397258	0.90456164
1365	False	0.9219741863540296	0.8679038	0.8795455
1366	True	0.01034328525103433	0.02627934	0.6465298
1367	False	0.9077003779343225	0.8913417	0.9422331
1369	False	0.8120473996050033	0.80448806	0.87951964
1370	False	0.824125099225937	0.8851415	0.8770546
1371	False	0.9655990377578184	0.88060343	0.994767
1372	True	0.5312425930416429	0.87088084	0.8972105
1377	False	0.742672888284334	0.8818275	0.93064624
1381	False	0.8828405205093689	0.8926068	0.9278957
1383	False	0.7905258790195795	0.8871922	0.84978735
1390	False	0.8595707003782573	0.889879	0.8661542
1400	False	0.9348359032491567	0.8888582	0.9000309
1406	False	0.8572072841658837	0.85026187	0.8467671
1414	False	0.796615311537308	0.897975	0.88328516
1418	False	0.8174297591223311	0.84472173	0.86898774
1427	False	0.8488279087446188	0.89109594	0.8866495
1429	False	0.8466036414565826	0.8286079	0.9108733
1431	False	0.9705413635113215	0.8900392	0.87538576
1436	False	0.9048918069822443	0.87316144	0.922856
1438	False	0.9238245816440906	0.8142916	0.92936784
1440	True	0.016164450783700463	0.088779315	0.77934784
1446	False	0.9327328471613727	0.886346	0.94881994
1449	False	0.9314373897707231	0.8757953	0.8886366
1455	False	0.92	0.86175656	0.8227682
1461	False	0.7568463745506547	0.85142034	0.9091778
1471	False	0.9495914799616716	0.9041646	0.9410699
1473	False	0.9585201238390093	0.9452006	0.9707999
1475	False	0.8339008070843897	0.9047136	0.81844157
1477	False	0.922800503734584	0.89099944	0.8594324
1481	False	0.9449897685125975	0.83348095	0.8888958
1491	False	0.9451873521459953	0.8931951	0.97116214
1495	False	0.8774618875379192	0.886689	0.83321476
1506	False	0.9510627946382136	0.8247582	0.96000165
1508	False	0.957983193277311	0.89456546	0.83185655
1510	False	0.9232766597270414	0.87745965	0.9304945
1515	False	0.92	0.8533163	0.91580534
1516	False	0.9007884150623813	0.8921955	0.8969242
1517	True	0.03894121310007978	0.04552584	0.79039127
1527	True	0.699058878836852	0.8205878	0.8881467
1535	False	0.901562655829261	0.8661528	0.9189091
1539	True	0.038644733931104486	0.02556629	0.8019992
1543	False	0.8713741309783218	0.8557951	0.895059
1547	True	0.5778219698053922	0.85800636	0.91710633
1548	False	0.9491129536072462	0.8917924	0.91835725
1549	True	0.04981256850581829	0.0388482	0.8459616
1552	False	0.8177950466570937	0.8782041	0.89791775
1553	False	0.9089975477076668	0.8464653	0.93488884
1555	False	0.8039064232975252	0.8329426	0.93433124
1558	False	0.9197806215722121	0.88317376	0.9381207
1561	False	0.928279260210278	0.8967497	0.9691108
1565	False	0.9655172413793104	0.827961	0.83534276
1570	True	0.02183929758253069	0.020804554	0.80118877
1571	False	0.9374286180453582	0.8735528	0.85648096
1582	False	0.819916442373358	0.8693577	0.9518803
1585	False	0.9038461538461537	0.88479024	0.93291056
1586	False	0.9146706586826348	0.88201535	0.8900153
1588	False	0.8738404452690167	0.8694704	0.9372473
1590	False	0.7995534500148179	0.87203455	0.7966575
1593	False	0.9693530079455165	0.8709248	0.9433843
1595	True	0.7311312429253618	0.84205997	0.7997546
1603	False	0.9446847653575516	0.89893866	0.94462186
1605	False	0.9208096353295416	0.8447585	0.9050609
1611	False	0.8598214000574842	0.86959064	0.841059
1615	False	0.8745736577543406	0.8697512	0.97045594
1629	False	0.7918961240726563	0.8562791	0.7863236
1632	False	0.9012448132780083	0.86492807	0.928692
1634	False	0.8430365205948989	0.89278424	0.94844615
1635	True	0.02537683056163549	0.022928715	0.720599
1639	False	0.9419456501854346	0.8166047	0.9303581
1640	False	0.7587338632800855	0.87165517	0.9493785
1645	True	0.7310744810744811	0.8483193	0.93851155
1648	False	0.734482050516176	0.81467104	0.8725551
1652	False	0.8565636155352045	0.8819498	0.9637557
1658	False	0.9097148441756566	0.8826282	0.87534267
1661	True	0.5434782608695652	0.9031091	0.6759878
1664	True	0.7079393388950332	0.8180039	0.887822
1666	False	0.9296896050008083	0.84138256	0.8834427
1667	False	0.918413326995434	0.8868527	0.90646183
1682	False	0.9508228317272054	0.84832644	0.9785396
1684	False	0.7883881932724055	0.81695	0.88574284
1687	True	0.6904761904761905	0.8301124	0.7709115
1692	False	0.9273847376788553	0.88710624	0.8175519
1695	False	0.9660703350484653	0.8733286	0.96537083
1716	True	0.029873263542336666	0.03851001	9.992069e-06
1717	False	0.9001975937472556	0.8899028	0.9130365
1727	False	0.9190502463054186	0.88871235	0.93020856
1730	False	0.7543340540950647	0.88611275	0.82212484
1741	False	0.9563182309650866	0.88106614	0.93786824
1744	False	0.9571571753849211	0.88834506	0.9622798
1749	False	0.8615909090909091	0.8539003	0.84362143
1751	False	0.9387203885419764	0.88357013	0.89303714
1755	False	0.8846294858523119	0.89829075	0.90892047
1757	True	0.7257232704402515	0.7286035	0.5713345
1764	False	0.9675925925925926	0.8975649	0.9712194
1769	False	0.838594858379031	0.9035662	0.81882393
1770	True	0.01668750198161963	0.024394633	1.03308475e-05
1779	False	0.9421188110941479	0.8658862	0.9561747
1781	False	0.9593322345420039	0.90362513	0.8697214
1793	False	0.8641294888053207	0.8865367	0.88724136
1799	False	0.8799190535491905	0.8987079	0.9429518
1800	False	0.9296066669350618	0.88277304	0.8532835
1807	False	0.8386981300907086	0.82586634	0.90936697
1810	False	0.9269503690714082	0.9033022	0.8871606
1812	False	0.9077638053581192	0.8317972	0.93543243
1813	False	0.7795741520178262	0.8453331	0.7349565
1814	False	0.7366666666666667	0.8528981	0.9318612
1817	False	0.8368687183725663	0.8668203	0.8767746
1818	True	0.4019537129464188	0.8672519	0.71308327
1819	True	0.019462712228669677	0.01782474	3.2487255e-06
1821	False	0.9084074864499769	0.8871007	0.9113142
1829	False	0.9217107217107217	0.8531714	0.926407
1830	False	0.905009110512184	0.87505347	0.9333631
1836	False	0.9313462226996061	0.8803256	0.88859653
1837	False	0.8963985504539171	0.8877467	0.89628
1838	False	0.8495175848117025	0.8784294	0.9429816
1841	False	0.8135147150696934	0.87527156	0.82947576
1850	True	0.598816392563954	0.8817722	0.82201684
1864	False	0.8139519928951613	0.8316814	0.94583607
1867	False	0.9491656989953047	0.8950348	0.96213025
1871	False	0.8045500366568915	0.8682178	0.96186846
1878	True	0.02845544118456542	0.058958136	0.00012443306
1892	False	0.8409229556005238	0.8792464	0.78659356
1894	False	0.88867729110287	0.8747649	0.7601271
1900	False	0.927991452991453	0.77821153	0.90433484
1902	False	0.821998672170424	0.8749413	0.6929258
1909	False	0.9479594708696877	0.877285	0.9282573
1914	False	0.9524367902941826	0.7972055	0.7581846
1915	False	0.8709025681439728	0.88122416	0.8992726
1926	False	0.9201880947033301	0.8465699	0.8774635
1944	False	0.9427058823529412	0.8825666	0.9620913
1953	True	0.02121273961410798	0.025841381	1.3098232e-05
1961	False	0.8032510796088771	0.86594737	0.964219
1963	False	0.7968613904505504	0.83181715	0.92510444
1966	False	0.9044027131662703	0.910738	0.8642171
1973	False	0.9640076335877863	0.8878073	0.95784265
1978	False	0.9256455293277608	0.88133574	0.851786
1980	True	0.0	0.05760081	0.7477171
1996	False	0.8817671345995046	0.86781484	0.95479745
1997	True	0.5921281421281421	0.6901293	0.8002674
2003	False	0.8370320030620455	0.8872495	0.89942265
2005	True	0.0319073792843215	0.03956628	0.83680284
2006	False	0.8702164164406805	0.88763005	0.8144914
2008	False	0.8537349256527339	0.8761102	0.801256
2010	True	0.6426215043667323	0.82956403	0.78605276
2017	True	0.5548078640715686	0.81373954	0.81396043
2018	False	0.8052237807285709	0.8687507	0.8931732
2024	False	0.9359473114367762	0.8430532	0.944397
2026	False	0.8308254896461109	0.8721196	0.9277811
2027	False	0.8199872820894596	0.8515003	0.7639416
2040	False	0.8930291483723719	0.88152945	0.9034529
2045	False	0.8061782572139378	0.877254	0.7621409
2054	False	0.9049366888791169	0.8819773	0.9235055
2055	False	0.8464952573704287	0.84579396	0.9325926
2070	False	0.9337119515726933	0.8728997	0.9543537
2093	False	0.7819148936170213	0.787745	0.80931044
2097	False	0.7857172334955203	0.8272182	0.92186344
2098	False	0.906174048616087	0.87512636	0.9305154
2102	False	0.8723413778954829	0.8819573	0.898841
2110	False	0.9204292841803576	0.8798231	0.9074257
2112	False	0.953024246137421	0.8204799	0.83145255
2113	False	0.8379273969146614	0.87792075	0.88939315
2120	False	0.9203734616391726	0.8765504	0.9442236
2121	False	0.9358801227429498	0.82838714	0.9327159
2134	False	0.9525648097076669	0.9283449	0.8937297
2141	True	0.6729908864954433	0.6281163	0.7992121
2148	False	0.891843607305936	0.88497686	0.93392164
2152	True	0.12126998073738637	0.4033608	0.5987794
2154	False	0.9549766120327059	0.8532626	0.957029
2155	False	0.8676356055878494	0.84474325	0.9027136
2160	False	0.8621043096872616	0.89381903	0.90287673
2162	False	0.9120483772198408	0.89436966	0.8967004
2164	False	0.8847526275148676	0.87447065	0.85875195
2168	False	0.948819073083779	0.9155455	0.8550731
2179	False	0.8220858895705522	0.9000254	0.81679857
2183	False	0.931072486810725	0.8667865	0.88739663
2184	False	0.8277755380214633	0.80290776	0.73763025
2187	False	0.9240251122907309	0.87198544	0.869668
2196	False	0.7531580479557504	0.83173615	0.9444091
2203	True	0.7093130136377503	0.8463801	0.8133976
2206	False	0.9015980934279817	0.9070139	0.9119188
2208	False	0.8636363636363636	0.8803071	0.9034489
2211	False	0.923857445520581	0.89214313	0.8892905
2217	False	0.9379230982897504	0.8799017	0.9560957
2218	False	0.8841096901602884	0.8372387	0.7101184
2219	False	0.9341356529841641	0.81764346	0.9850763
2220	False	0.8828828828828829	0.8614153	0.8621868
2222	False	0.8902641754905858	0.9114708	0.8208097
2232	False	0.9214756740914419	0.8887192	0.9602149
2233	False	0.8259499739322718	0.8076873	0.8786914
2234	True	0.7319916934367396	0.84001404	0.9121169
2235	False	0.9087305198498464	0.8432311	0.97026837
2239	False	0.8329891134732244	0.8900596	0.87192786
2242	True	0.03935635610853293	0.019893665	0.817568
2248	False	0.8438362453055497	0.87560433	0.9144219
2250	False	0.9550985110542939	0.8860604	0.97143555
2255	False	0.7379477168562214	0.85475934	0.8786483
2256	True	0.015946362432212077	0.028748516	1.3184709e-05
2258	False	0.9347826086956522	0.8791336	0.8451452
2261	False	0.9067279659116394	0.87975127	0.91258556
2262	False	0.9015030946065429	0.8799375	0.88788354
2270	False	0.9627059768188801	0.8995689	0.99118966
2278	False	0.897571606475716	0.88596815	0.7672098
2280	False	0.9006169479223372	0.8455872	0.8299492
2283	False	0.8504706911226985	0.88047385	0.9271854
2287	False	0.8270963596759281	0.9260043	0.9250577
2289	False	0.8584905660377359	0.8701327	0.9185869
2295	False	0.8600615530303031	0.8748193	0.8725033
2299	True	0.03319131891340762	0.038610294	0.8285241
2311	False	0.9311657840888461	0.8780519	0.9549635
2312	False	0.8583772954209432	0.85470515	0.9357603
2313	False	0.8502355460385439	0.8787144	0.8691877
2323	False	0.8076744914251999	0.87015206	0.9075139
2324	True	0.06282854745637917	0.5612628	0.9236208
2331	False	0.9520728008088979	0.88313174	0.922369
2338	False	0.9503392982319495	0.89175993	0.95980775
2341	True	0.7008360378119066	0.85253495	0.9025923
2344	False	0.8769573108065007	0.90046704	0.8865504
2350	False	0.9583333333333334	0.8959418	0.8188497
2370	False	0.9401834760628827	0.85970205	0.977359
2374	True	0.02926379218990986	0.026314368	8.2300685e-06
2377	False	0.9523920330455837	0.8975447	0.9055606
2381	True	0.14159433531292828	0.7580385	0.76352173
2388	False	0.9233314543732312	0.8538495	0.9448307
2390	False	0.9319399007456886	0.8828309	0.9148596
2396	False	0.9188198251344593	0.8849691	0.898053
2398	False	0.8811784856814138	0.88034636	0.9813448
2402	False	0.7551314840317398	0.8437334	0.92765677
2403	False	0.75923172761823	0.8895824	0.74229944
2404	False	0.8325208535157813	0.8533145	0.80818117
2415	True	0.6695503433069901	0.88466614	0.8407959
2417	False	0.9518990284917114	0.8790426	0.9610543
2420	True	0.08901037286234931	0.01865601	0.82415026
2428	False	0.9113149847094801	0.8867388	0.98042727
2429	False	0.8726531976537424	0.8686286	0.91497743
2433	False	0.7760942760942761	0.88792485	0.84185016
2447	False	0.8532686719255833	0.8679912	0.87645245
2449	False	0.7756362486771236	0.88187915	0.768319
2450	True	0.3337713260751679	0.5005386	0.79287434
2453	False	0.9178051641538126	0.8571191	0.9815091
2462	False	0.9486834694452266	0.86535156	0.9064077
2464	False	0.8774240465416936	0.886881	0.8690697
2467	False	0.935562015503876	0.9022959	0.88116294
2479	False	0.9109032758286489	0.88463223	0.8266662
2483	True	0.3534130314306072	0.7700047	0.7889773
2486	False	0.862742693596426	0.8708464	0.93374646
2489	False	0.8643583292423499	0.8262231	0.95521706
2490	False	0.854353545797971	0.88795644	0.90865535
2492	True	0.574204687195667	0.8710038	0.71529585
2498	True	0.01914983906352587	0.019634906	0.8096258
2500	False	0.9292640489704564	0.8608899	0.9552244
2508	False	0.8757677970767027	0.88227046	0.9050854
2516	True	0.1111731019860045	0.3281618	0.84860784
2525	True	0.07347883597883598	0.048025213	0.91740304
2529	False	0.8451922944093716	0.88335246	0.84732056
2534	True	0.04308053997923157	0.13263185	0.49401122
2537	False	0.7757471264367816	0.8757948	0.75011414
2540	False	0.9405940594059405	0.88704896	0.9308462
2542	True	0.02	0.12550144	0.8401084
2543	False	0.769064181214415	0.8515666	0.7212957
2546	True	0.5589684615524659	0.8379466	0.82172585
2552	False	0.9484578500767284	0.89601606	0.94606435
2554	True	0.012617740566158098	0.031372733	0.6614239
2566	False	0.9069096602945732	0.88170624	0.894944
2568	False	0.8623531742101613	0.89005387	0.9313469
2574	False	0.8513694041727029	0.85958207	0.9232253
2584	False	0.9465811965811965	0.87371194	0.97459185
2586	False	0.8509357107973025	0.8914707	0.8224851
2588	True	0.036804377185995774	0.046251792	0.73631626
2593	False	0.9208708803770532	0.8711788	0.9143078
2594	False	0.7447595352619834	0.80533457	0.7986272
2597	False	0.9618313245664853	0.8861915	0.8633515
2602	False	0.8932936292387678	0.8713343	0.9571943
2605	False	0.8908950116522611	0.8516125	0.8829858
2608	True	0.03766997249447952	0.045784738	0.896468
2609	False	0.9043843906428621	0.8879077	0.93521625
2613	True	0.0582765009965122	0.04105714	0.7580192
2614	True	0.00918684914016678	0.02703366	0.68688416
2618	False	0.8547622819698679	0.87442636	0.9090363
2622	True	0.5632805053029576	0.8226354	0.81613386
2623	True	0.6350963638807676	0.88988936	0.9391645
2626	False	0.9413320002850822	0.8703557	0.97283775
2632	True	0.015582498921508526	0.026152704	0.74355334
2638	False	0.8912084962809601	0.8801242	0.91548204
2641	False	0.957681338404275	0.8796225	0.95249003
2647	False	0.8163000639701179	0.5557069	0.62278366
2650	False	0.9437612234684565	0.8803264	0.8920909
2654	False	0.9033018538926165	0.8960191	0.8776115
2655	False	0.8888943388959739	0.90769875	0.7917307
2656	True	0.043859649122807015	0.02129181	0.75956464
2659	True	0.028200887916449355	0.07667884	0.86070174
2660	False	0.8694247799520874	0.8865076	0.85731554
2665	False	0.8109577291395473	0.8884839	0.9076525
2666	False	0.8665494524545638	0.83112603	0.8663746
2669	False	0.7748786546368205	0.8991245	0.80037034
2671	False	0.7769672251140534	0.8815442	0.9125681
2673	True	0.23501124859392575	0.8103912	0.86901474
2678	False	0.795802044221944	0.88917077	0.76589125
2679	True	0.726654116606417	0.83987325	0.881821
2680	False	0.8425253274030146	0.89551777	0.8840019
2682	False	0.9020999411575157	0.8298784	0.92646646
2684	True	0.7294383952486316	0.82694227	0.81384337
2706	False	0.8722115230300111	0.8421095	0.92224693
2722	False	0.9499537838263059	0.8929561	0.90230113
2724	False	0.9273543053034886	0.8600208	0.8063339
2734	False	0.9436401777925476	0.79104215	0.6729655
2736	True	0.6368493913560327	0.84530056	0.8301937
2738	False	0.877911681914145	0.888632	0.88711566
2739	False	0.8654538694428215	0.8812038	0.8754342
2740	False	0.9000150829562594	0.8731574	0.9475052
2747	False	0.9310790565371412	0.87860835	0.9121413
2748	False	0.9338626363586982	0.8783802	0.8019708
2750	False	0.8941667179077251	0.89320564	0.82139224
2752	False	0.952400468384075	0.7257642	0.8560127
2754	False	0.9031938877755512	0.86904913	0.9397068
2757	False	0.7414780664990221	0.8783897	0.9089956
2772	False	0.9014781857679857	0.88320756	0.84509295
2773	False	0.8922314604785314	0.841546	0.95199597
2781	False	0.8984134926897489	0.88853186	0.89068776
2785	False	0.888998654718318	0.88454086	0.95076406
2786	False	0.8733699491241577	0.88333654	0.8615761
2790	False	0.9344227907023204	0.84877133	0.93729746
2794	False	0.9642857142857143	0.8221385	0.8532295
2795	False	0.7546053248885761	0.8779311	0.7861624
2798	False	0.8903531655866925	0.86099756	0.8807114
2799	True	0.5483216970998925	0.8031945	0.67189664
2801	False	0.821913861146107	0.8004221	0.9439985
2804	True	0.01703708177316101	0.03392274	4.538618e-06
2805	False	0.9122479674219959	0.8388575	0.94578457
2808	True	0.30411673753382296	0.79105675	0.69181055
2811	False	0.8904787643063136	0.8708831	0.974119
2814	False	0.8707591025556288	0.88457316	0.88427174
2820	True	0.018426183173761424	0.001923995	1.271161e-05
2821	False	0.8091993185689949	0.8864496	0.8893422
2827	False	0.7837433155080213	0.8846392	0.8959402
2830	False	0.9538461538461539	0.89149016	0.88190174
2831	False	0.9395604395604396	0.87935436	0.77762765
2832	False	0.9298282362798491	0.88279784	0.9108589
2834	False	0.9372727272727273	0.8883672	0.6396556
2842	False	0.9133518295452301	0.86645156	0.83494663
2847	True	0.6687891451255379	0.83202714	0.90356445
2851	False	0.957596201690089	0.7733536	0.7244718
2856	True	0.7091104991695079	0.8531368	0.8720733
2858	False	0.9444466958448154	0.8460099	0.99425584
2863	False	0.949599212244757	0.92451805	0.9237957
2873	False	0.8962917495345097	0.9027646	0.926682
2884	False	0.8515614894025691	0.90607363	0.8530356
2885	False	0.9318810234415565	0.90109104	0.95791274
2888	True	0.046159138740488916	0.040007845	0.72845066
2892	False	0.8458353027341671	0.9073624	0.89252454
2908	False	0.9175137414351329	0.8868234	0.8431053
2909	False	0.8824533363629088	0.87695473	0.92501485
2912	False	0.8118051363928425	0.8686495	0.9000759
2918	False	0.825503355704698	0.84001374	0.86205137
2920	True	0.6789413118527042	0.8554722	0.76653576
2921	False	0.7648439388386835	0.86841655	0.8639523
2923	False	0.9115506394177393	0.8177321	0.70825493
2926	False	0.8993288590604027	0.89227897	0.8500341
2927	False	0.8501980404419429	0.8602335	0.88329875
2931	True	0.03443688839999509	0.045998372	0.69741976
2932	False	0.9278486094534515	0.8824814	0.8641299
2934	False	0.8927261713096225	0.86016023	0.98201865
2942	True	0.02217357036518084	0.02141756	0.64684975
2953	False	0.8529328174491172	0.813152	0.8349177
2954	False	0.8704298158028753	0.8805284	0.8977741
2958	False	0.8730114126329938	0.8808159	0.88382244
2964	False	0.9631147540983607	0.8942386	0.9666214
2965	False	0.951985907731066	0.892637	0.95054084
2966	False	0.9395546712580439	0.89553833	0.8968791
2968	False	0.8426199092106111	0.8344987	0.95738065
2969	False	0.8662707536474502	0.8672859	0.8794141
2973	False	0.9205506327044437	0.88120574	0.86687815
2975	False	0.8918760090479075	0.8808379	0.9376384
2978	False	0.8312034966872413	0.87970644	0.93044215
2982	False	0.8611035730438715	0.88360125	0.7648929
2988	False	0.9549872246317688	0.8516163	0.9433815
2989	False	0.9058996211465993	0.880689	0.922542
2992	False	0.9629629629629629	0.89023435	0.7957519
3007	False	0.8487439118174827	0.8378231	0.7738033
3009	False	0.8530158571119701	0.87231195	0.9201934
3011	False	0.9143137713958691	0.8780594	0.88375795
3012	False	0.8300085841663667	0.8786904	0.91927063
3013	False	0.8475911149115858	0.86711323	0.97105396
3017	False	0.9621568230180497	0.8814256	0.9500376
3019	False	0.8888038662907773	0.88469917	0.94536763
3021	False	0.8632773950088697	0.8647831	0.9029708
3024	False	0.8550439507084182	0.8762951	0.94323575
3032	False	0.8682454718661354	0.89351505	0.91445625
3036	False	0.746104677395097	0.8681617	0.9670955
3047	True	0.021818923551218658	0.013712862	5.2851905e-05
3049	True	0.6448635256055859	0.8343989	0.6647004
3051	False	0.9426970590485607	0.90469295	0.86228836
3053	False	0.7781826179202567	0.89703697	0.851594
3054	False	0.8843846750661261	0.8674325	0.89872086
3058	False	0.9419369617981934	0.855463	0.9400508
3065	False	0.7503555533953501	0.89616454	0.8692218
3068	False	0.8894660226295243	0.8824566	0.9058034
3071	False	0.8084356605493632	0.8663834	0.8881608
3074	True	0.060640991334060645	0.07423778	0.753801
3084	False	0.8682456256933389	0.89204973	0.877567
3089	False	0.8501381215469613	0.8771574	0.75572175
3096	False	0.9058488155577764	0.8447383	0.9709754
3100	False	0.7818074257260047	0.8326027	0.9438947
3101	False	0.9239700186965811	0.8630871	0.8579938
3102	False	0.831833373729127	0.8790697	0.9074125
3105	False	0.9423890063424947	0.85163933	0.8929885
3107	False	0.9453260583456392	0.8534024	0.8625761
3110	False	0.8909347311284357	0.9013157	0.77649367
3112	False	0.8736801745456704	0.83401203	0.8308617
3114	False	0.8669928555922153	0.88377	0.8490697
3119	True	0.7168256586894548	0.809505	0.95015514
3121	False	0.9623401124716452	0.873317	0.97322434
3122	False	0.8676550531131595	0.8876	0.87973607
3141	False	0.8599033816425121	0.83038014	0.81428355
3147	True	0.028526140255190326	0.044137977	0.7238959
3153	False	0.928677621283255	0.88184714	0.8807885
3165	False	0.8922213762046686	0.8856521	0.89730054
3172	False	0.9148121286152359	0.8929879	0.92149985
3175	False	0.8556866158432879	0.86718893	0.92995584
3177	False	0.8394048663022184	0.90834236	0.9856628
3179	False	0.8922296799463805	0.8875777	0.9193861
3183	False	0.7889821599543076	0.8628281	0.85979414
3188	False	0.9362354642209925	0.8853044	0.95944464
3194	True	0.045560904312379316	0.04954717	0.8548587
3196	False	0.8139451560148876	0.6991538	0.84698564
3207	False	0.9073366804882517	0.80793434	0.98185444
3221	False	0.9503774685898723	0.840226	0.9889685
3224	True	0.011319921801097307	0.1011847	0.7295627
3225	False	0.8995550384483314	0.8680828	0.894718
3229	False	0.8998357703253511	0.8533835	0.8910225
3230	False	0.8791555065385221	0.8851725	0.78840077
3239	False	0.750293455629959	0.9070005	0.90787375
3248	False	0.8735721902622735	0.8465444	0.83919275
3249	False	0.8766319129646418	0.9015125	0.85154516
3250	False	0.9759036144578314	0.8554379	0.8277814
3252	False	0.9693620050038824	0.9027547	0.8161377
3255	False	0.9436653295237152	0.8893767	0.9406573
3256	False	0.9591836734693877	0.8778229	0.79433453
3260	False	0.847842017670553	0.8870238	0.8176341
3261	False	0.9244630899189377	0.9068001	0.7937628
3265	True	0.37574428495481127	0.17797542	0.859529
3266	False	0.8463290669996488	0.88796544	0.9151293
3267	False	0.9660983091040314	0.84724593	0.90816724
3271	False	0.9464285714285714	0.922933	0.964176
3272	True	0.03695159676560347	0.057111174	0.745155
3274	False	0.841514579400042	0.8740462	0.9257795
3277	True	0.03320425890367061	0.017757071	0.778422
3287	False	0.8495480257571683	0.84667593	0.86102676
3290	True	0.6310489835594437	0.85348433	0.8962015
3293	False	0.8753364212216737	0.87856585	0.9266221
3296	True	0.027304926233402624	0.059328005	0.61603105
3297	False	0.9488274818671294	0.9049442	0.9046218
3306	True	0.03255883245820169	0.051860142	3.2598666e-05
3313	False	0.9509133639568422	0.8896503	0.8897897
3316	False	0.8325658150190262	0.8821526	0.91672516
3318	False	0.8000558712630491	0.8782472	0.5818246
3319	False	0.9378567635958774	0.8620998	0.9565848
3320	False	0.8621274772113925	0.8274089	0.7803338
3323	True	0.157393161528028	0.39248952	0.7648918
3328	False	0.9455660554922245	0.88528216	0.8944885
3331	True	0.07063723580146804	0.03889359	0.8141936
3335	False	0.8670518207282913	0.87541527	0.79126674
3343	False	0.8930530006351007	0.87283784	0.9515122
3344	False	0.9529158299866132	0.88748455	0.95029914
3346	False	0.9545676156298196	0.903406	0.9652932
3347	False	0.8015118701631937	0.86552495	0.6937491
3354	False	0.7613418956581719	0.8628625	0.8411563
3355	False	0.9132002704665548	0.8970881	0.8569931
3356	False	0.946236559139785	0.8804709	0.8809431
3369	True	0.6947156159806623	0.88345605	0.8434695
3374	False	0.913307426216642	0.8478851	0.95343465
3375	False	0.8261400444617848	0.8865571	0.85879326
3376	False	0.8232498122528559	0.8742862	0.7146286
3383	False	0.8072020890806244	0.80180657	0.825631
3385	False	0.8998763667271954	0.8653205	0.8454832
3388	False	0.9590115791240141	0.8926225	0.8985895
3393	False	0.8453181251816064	0.847481	0.84155685
3394	False	0.943484321727885	0.86331815	0.91500014
3398	False	0.8721165586550201	0.8736157	0.8733074
3401	True	0.017504085913358787	0.028491495	1.8329276e-05
3414	False	0.842986985880434	0.86573064	0.85061204
3415	False	0.9370533215028889	0.8363434	0.91474915
3417	True	0.08107786016949152	0.73680156	0.618999
3422	False	0.9832656834410065	0.8934115	0.9715732
3423	True	0.02293945950336415	0.02553227	2.9971663e-05
3430	False	0.9182372021457978	0.87535906	0.823279
3432	False	0.9169556383784505	0.8687009	0.92243636
3436	False	0.8224254821512056	0.8983019	0.8719963
3442	False	0.8626505030512948	0.8314325	0.92600214
3443	False	0.8847982819450837	0.8951854	0.87798756
3444	False	0.9136158441898129	0.88744235	0.9055785
3448	True	0.02629127628762546	0.023398818	3.651965e-05
3451	False	0.8465768102864877	0.8861528	0.88641834
3452	False	0.9393939393939394	0.9012041	0.84510106
3454	False	0.8537358306217973	0.85917646	0.9612034
3458	True	0.022719638440162455	0.026985157	8.8576686e-05
3461	False	0.9410568103046494	0.8955742	0.9244509
3470	False	0.963434734337467	0.8581774	0.97105664
3473	True	0.5117967636767855	0.8702002	0.5936658
3476	False	0.7576638684316466	0.8884581	0.93197477
3479	False	0.9044489795918367	0.88139534	0.9085865
3482	False	0.8978416382671702	0.8825826	0.9271914
3488	False	0.9500794434663116	0.8701562	0.97163403
3491	False	0.8349499140921322	0.84020084	0.9161522
3496	False	0.9104143754270654	0.884681	0.8692029
3498	True	0.6234854504009076	0.7785103	0.9593013
3506	False	0.8851241920797696	0.86801285	0.9398079
3510	False	0.8673128563302777	0.8515404	0.8867567
3511	False	0.8094483195941662	0.8706009	0.74404275
3515	False	0.9338374088374088	0.85163915	0.93314344
3528	True	0.08985367563305002	0.038604684	0.89495766
3530	False	0.8942907696980296	0.86531603	0.9305235
3531	True	0.6950854700854701	0.8956072	0.7279553
3533	False	0.7507494419856178	0.8644228	0.91967297
3537	True	0.5851018218147046	0.8655083	0.80035
3539	False	0.9181706680714621	0.88848794	0.8978437
3540	False	0.9767347311978944	0.8875671	0.98901653
3541	False	0.9319424036938161	0.9008194	0.9481018
3544	False	0.9173728813559322	0.7398969	0.7339989
3548	False	0.9629629629629629	0.8934016	0.89290965
3564	False	0.8881578947368421	0.8744822	0.8014169
3567	False	0.8387902628461028	0.87636393	0.93426627
3573	True	0.7081357345941155	0.86572915	0.8234024
3575	False	0.7834554560554067	0.8387818	0.91911936
3578	False	0.9346927073378395	0.93743867	0.94521713
3579	False	0.9233468797355008	0.8870781	0.97182447
3581	True	0.03270673690932312	0.07151927	8.104944e-06
3586	False	0.8472975887748615	0.8758818	0.887776
3587	False	0.8920432288551605	0.8314305	0.87885636
3593	False	0.9249983349674911	0.88442254	0.9523689
3595	True	0.034864389278229574	0.1195728	0.78230417
3596	False	0.957983193277311	0.90378094	0.89351785
3599	False	0.8958428577157523	0.89142007	0.88447475
3616	True	0.02379191930996355	0.03161363	0.7817368
3617	False	0.916613114878037	0.8788219	0.89880466
3620	False	0.8958269625209772	0.87020534	0.93821925
3623	False	0.9015544041450777	0.88662964	0.94601077
3634	False	0.8915485430348786	0.78915596	0.80004245
3636	False	0.967741935483871	0.88593924	0.94027644
3649	False	0.8818394992514493	0.8780351	0.86366403
3656	False	0.8882610399790959	0.89324087	0.9322082
3658	False	0.9457372501991084	0.85794055	0.90403396
3659	False	0.8168803086620404	0.87576663	0.87404406
3663	False	0.9334806201311965	0.88194025	0.92620623
3668	False	0.8991596638655462	0.87618697	0.8783494
3670	False	0.8722265594299337	0.8171512	0.9704321
3674	False	0.8455322061568986	0.88211423	0.87038296
3675	True	0.5816567244209191	0.8375819	0.83230656
3685	False	0.7852012681192019	0.8824645	0.8750901
3689	True	0.7146239694771961	0.87851745	0.77516466
3690	False	0.8887163982402078	0.8160392	0.9368715
3693	False	0.7952630166398282	0.87890613	0.9185338
3695	False	0.9120395183478043	0.8252866	0.9351517
3715	False	0.9035047932465303	0.8823163	0.90151614
3720	False	0.9330278485737233	0.8965463	0.8057563
3722	False	0.8410112359550562	0.8890505	0.944784
3732	False	0.8205611660158223	0.86869437	0.9129375
3736	False	0.875	0.8798189	0.93698007
3739	False	0.8442090395480226	0.8227039	0.85274124
3741	False	0.8301066084590807	0.8303828	0.9130546
3744	False	0.8877314256439945	0.87744856	0.9075365
3746	True	0.03052328576755565	0.03342984	0.78414714
3747	True	0.7122371823489196	0.87613946	0.90740144
3748	False	0.8242955156374336	0.888421	0.9287364
3749	True	0.0	0.023225028	0.71223754
3756	False	0.8821673723303785	0.8744233	0.96140736
3758	False	0.8980401322915371	0.8589014	0.8991085
3763	False	0.8242434171333254	0.88292223	0.93997943
3766	False	0.9322877378258319	0.8846554	0.79901236
3768	False	0.9034110296804274	0.906737	0.890841
3772	False	0.8938570923865041	0.8660864	0.7134496
3785	False	0.877275898419372	0.8921665	0.88459456
3787	False	0.8845910263583241	0.8624198	0.92275393
3791	False	0.9157547820326966	0.8837618	0.89198905
3794	True	0.7221184980550559	0.87943447	0.92805684
3795	False	0.7659052982895286	0.9064583	0.7099281
3796	False	0.7706304368976009	0.8420767	0.89358234
3801	False	0.9207866807600882	0.88295084	0.83682966
3812	False	0.9368177590679916	0.88782966	0.8979031
3814	False	0.8946427760145901	0.87539554	0.90093184
3820	False	0.9409543944427665	0.8756268	0.93649304
3824	False	0.7535987609329446	0.8556186	0.7133118
3825	False	0.7964505030834145	0.85454476	0.92788106
3828	False	0.8888639942080329	0.8900888	0.9087575
3834	False	0.8994220046239629	0.86390364	0.9143545
3840	False	0.8539716638535113	0.84430766	0.9334814
3843	False	0.9275851393188854	0.87596875	0.8501207
3845	False	0.8968784598313193	0.877492	0.9389998
3854	True	0.018999270625540125	0.05182066	8.511618e-05
3865	False	0.9828571428571429	0.9037123	0.96982163
3872	False	0.7929248070546687	0.89876586	0.8563501
3876	False	0.8143846375080197	0.85735244	0.9474147
3877	False	0.9046571298692057	0.8294209	0.8536273
3879	False	0.9262452107279693	0.8949748	0.9153056
3880	False	0.8844845630559917	0.87183553	0.9473809
3881	False	0.9151957614596604	0.8331436	0.98485583
3882	False	0.9249156251037127	0.8821501	0.9760898
3889	False	0.781188906826448	0.82412195	0.9129714
3896	False	0.9616274809271076	0.8986347	0.9260503
3899	True	0.018525089827778465	0.040171042	4.453387e-06
3905	False	0.8559584664536741	0.88466924	0.82051486
3907	True	0.027840749775925627	0.06653933	3.3223583e-05
3911	False	0.8197490967847352	0.8281209	0.8402311
3914	True	0.7286653414654287	0.8631858	0.9681037
3918	True	0.05029105715578344	0.05743916	0.8359724
3921	False	0.7741965819276653	0.86247253	0.7847959
3924	True	0.023723511531839176	0.028634693	0.71553785
3928	False	0.9178833184898176	0.8961033	0.9585287
3931	False	0.933836904843933	0.8827012	0.9005729
3933	False	0.9153752828391092	0.9015061	0.81672084
3937	True	0.015550374154109736	0.0003886959	2.3249326e-05
3938	False	0.9135161786335071	0.8930261	0.8787753
3941	False	0.814350425317782	0.81600404	0.6551109
3945	False	0.7349688189677863	0.8972837	0.8055463
3947	True	0.5752882525012236	0.84244686	0.65692884
3948	False	0.8835377018254453	0.9439056	0.9105309
3949	False	0.7383749008758698	0.8955598	0.9579401
3953	False	0.9015246379582278	0.9086645	0.8724306
3971	False	0.8876764826143079	0.88486904	0.88729393
3975	False	0.8676168224299066	0.8681115	0.7542694
3977	False	0.9047514015255951	0.8698596	0.8724758
3978	False	0.8906008939623999	0.81836575	0.8738739
3984	False	0.938126905572003	0.8875537	0.95035946
3987	False	0.9464285714285714	0.88306016	0.8751505
3994	False	0.8608894925835144	0.8881487	0.90135336
3996	False	0.9161106516808881	0.8812205	0.89058065
4003	False	0.9591244059055516	0.8970936	0.8447463
4006	False	0.8547525615870939	0.8445331	0.9049741
4008	True	0.0016556291390728477	0.029417533	0.35717228
4009	False	0.9587663907287011	0.88253564	0.98151094
4014	False	0.8244597588268603	0.8853618	0.89754945
4016	False	0.8167462090836661	0.8619912	0.887029
4030	True	0.7232712656717586	0.8073054	0.577985
4031	False	0.9110786798659831	0.87375474	0.85078907
4033	True	0.019831762557346547	0.046470862	0.702972
4042	False	0.9580733746442122	0.88589466	0.9802578
4048	False	0.9477884065080533	0.8935934	0.8974179
4051	False	0.9490229190991379	0.82469904	0.9362863
4053	True	0.5040871832986866	0.8013095	0.9057824
4055	False	0.9076037217815741	0.86488795	0.9502565
4056	False	0.9209989066986868	0.8341941	0.7283219
4062	False	0.8837426291740109	0.8938338	0.926695
4063	False	0.9116136785753305	0.82934135	0.97118056
4067	False	0.7542943765756857	0.87363154	0.83532333
4081	False	0.9592800154597907	0.8686996	0.8925451
4083	False	0.9583269513991164	0.87079257	0.96806353
4084	False	0.9758467023172905	0.881498	0.87908334
4088	False	0.9198237673343606	0.8900074	0.9203162
4091	False	0.7563453387443837	0.8427329	0.92347366
4102	False	0.8863739348410544	0.88510364	0.9362911
4107	False	0.9562020460358056	0.890068	0.76674044
4113	False	0.9786720895591863	0.86933994	0.9730859
4117	False	0.8420874384236454	0.88083404	0.91740286
4123	False	0.9554239734816081	0.89919347	0.96776855
4133	False	0.9496124031007752	0.8443731	0.9435568
4139	False	0.8192424242424242	0.82087106	0.89673364
4145	False	0.9125716625716626	0.896686	0.92365295
4146	False	0.826530612244898	0.8275352	0.90709496
4147	False	0.9445258207327807	0.8630341	0.8696448
4150	True	0.5427573897795591	0.84502375	0.864621
4151	False	0.9392868255142885	0.87301415	0.92146367
4154	False	0.9357613134427869	0.83534384	0.83876896
4158	False	0.9301471025790558	0.87830967	0.9511906
4159	True	0.695	0.8946476	0.9367304
4164	False	0.9055059523809523	0.87637526	0.9195243
4165	True	0.5068081936552862	0.8416567	0.89819765
4166	False	0.9031612350287799	0.8260308	0.8872522
4173	True	0.24510607234372206	0.5278812	0.8255253
4178	True	0.7145707895029265	0.8646493	0.7713114
4182	False	0.9580207269011823	0.853647	0.94196254
4183	True	0.7062434885805868	0.8303782	0.91906977
4184	False	0.9002652519893899	0.8599299	0.9797942
4188	False	0.8399760747379614	0.8730273	0.9064573
4189	False	0.8483745754488112	0.861023	0.96187514
4194	False	0.9554309728183119	0.89976925	0.934336
4199	True	0.7237237426953362	0.8507621	0.95669997
4200	False	0.9361702127659575	0.91387886	0.8765497
4204	True	0.024069164758908558	0.04123865	4.898723e-05
4208	False	0.8639730544028197	0.861203	0.8645954
4211	False	0.9388505643250191	0.8329502	0.9228593
4212	False	0.7981020637717001	0.89193624	0.861581
4214	True	0.6527077151929881	0.85257083	0.9208043
4222	True	0.6018614955608539	0.8164059	0.77613515
4229	False	0.864570297965784	0.8651245	0.9103507
4230	True	0.5352581191033636	0.86587113	0.87196285
4233	False	0.9296675918073651	0.87828803	0.9811223
4235	False	0.9339539007092199	0.8973422	0.9299752
4239	False	0.8292014800668417	0.8791853	0.9035095
4240	False	0.8847477198145488	0.88559985	0.89947665
4241	False	0.9447955685818752	0.89966524	0.9759833
4244	False	0.8657261168476097	0.85929924	0.75726235
4245	False	0.9436739470130311	0.8799059	0.8992176
4247	False	0.9125574216140254	0.8816669	0.880674
4252	False	0.9454976303317536	0.88668853	0.8742153
4253	False	0.89677368086459	0.8900098	0.88087904
4257	False	0.9259391253261452	0.87073636	0.978845
4260	False	0.8986688806620209	0.8797056	0.8719031
4264	False	0.9228150378432131	0.8797987	0.95669574
4277	False	0.9108968126370725	0.89313006	0.9376251
4278	False	0.9516017739187936	0.8916387	0.94706976
4285	False	0.9296219182259835	0.8807925	0.9064819
4288	False	0.9571184659837142	0.92137194	0.88323325
4290	False	0.8876197494473103	0.8613344	0.9532717
4294	True	0.722062969924812	0.8639883	0.96688473
4299	False	0.8244862261636057	0.8815846	0.88652325
4313	False	0.8870772946859904	0.86123616	0.74100953
4319	False	0.9446625929275771	0.88587004	0.95524234
4327	True	0.022637736408653106	0.03360057	0.82210696
4339	False	0.8326238781262754	0.8785187	0.65003294
4340	False	0.9049159132886166	0.8831	0.8043333
4345	True	0.26502376751798645	0.6318732	0.773625
4346	True	0.6737293681378609	0.8648007	0.7902593
4347	True	0.674774581455722	0.821453	0.78776306
4350	False	0.8100793650793652	0.8444138	0.807257
4355	False	0.7633731112527736	0.8784591	0.8975218
4356	False	0.7985166872682324	0.87078464	0.74460876
4362	False	0.9145299145299145	0.8905539	0.91230756
4367	False	0.9101569763283988	0.87531596	0.8542112
4368	False	0.9798667486432482	0.8584422	0.9781041
4383	False	0.7902597402597402	0.870239	0.85910827
4384	False	0.9055276084512043	0.848218	0.9075464
4389	False	0.9119377393072682	0.8819778	0.915473
4393	True	0.6591690662278897	0.8830211	0.8136072
4397	False	0.9266862099967481	0.87159866	0.91874015
4409	False	0.8228989773198989	0.8293893	0.88186073
4417	False	0.9414634146341463	0.8732523	0.9843791
4423	False	0.9669863858490203	0.8601923	0.98044556
4425	False	0.9051306827776423	0.8742119	0.71028715
4430	False	0.9705290396779759	0.91586787	0.8823
4438	False	0.9106628242074928	0.88755774	0.9384991
4440	False	0.9300084336694527	0.9165025	0.92972726
4451	True	0.019754098028636632	0.051893994	5.490905e-05
4453	True	0.06122385366339307	0.78050256	0.63918793
4456	False	0.9179188082782399	0.83469874	0.7711643
4465	False	0.8967229360306178	0.90514296	0.8542557
4471	False	0.9354838709677419	0.88582456	0.95367175
4475	False	0.9136521337332697	0.90718615	0.9232774
4488	False	0.8975086917195586	0.89629185	0.9482029
4500	False	0.8782145997579984	0.8442155	0.89238346
4507	False	0.9844961240310077	0.8717113	0.95038587
4508	False	0.9601319093743963	0.85502887	0.9810648
4509	True	0.5654882170557071	0.7905482	0.78969127
4512	False	0.8387746986795377	0.89339906	0.92612684
4513	False	0.8630045282361649	0.8887353	0.92254627
4528	True	0.03260122230710466	0.07934772	0.837813
4529	False	0.8781163434903048	0.7377732	0.8344963
4535	True	0.043879731379731376	0.13878001	0.22886094
4538	False	0.8568616659848274	0.88127774	0.8103806
4541	True	0.7281141292356674	0.8460974	0.83382225
4547	False	0.8667231166621714	0.9004126	0.9069029
4559	False	0.9027598826124957	0.8520969	0.9043397
4569	False	0.956442831215971	0.8918616	0.8304895
4571	False	0.8835678271308524	0.8809755	0.93358105
4572	False	0.8671103199490722	0.838114	0.9421116
4576	True	0.7247535047876466	0.6723613	0.47093564
4586	False	0.8804347826086957	0.8523934	0.9883646
4588	False	0.9011335748509992	0.8870631	0.8412714
4592	False	0.96081943544905	0.91401374	0.9387201
4597	False	0.9364552114552114	0.8940838	0.9192626
4598	False	0.9591498506592846	0.8927821	0.919817
4600	False	0.816675645648398	0.85067135	0.9052801
4604	False	0.7891753102076196	0.9184122	0.967353
4609	False	0.9219552805614866	0.81869197	0.8501431
4622	False	0.7831792931711522	0.8832627	0.8336445
4630	False	0.7627186977027233	0.8795242	0.9070898
4634	False	0.8502480331230653	0.88663334	0.90276796
4636	False	0.9560439560439561	0.8931609	0.9251685
4639	False	0.9003923038480759	0.8851435	0.91241246
4644	False	0.8732787230582739	0.8678573	0.905064
4648	False	0.912845670413071	0.87757254	0.91708124
4651	False	0.9116542038763726	0.8703101	0.9192699
4654	True	0.021189670119514423	0.032249574	0.7082535
4659	False	0.736273978960396	0.8471967	0.9061918
4666	True	0.016304347826086956	0.046709094	3.1214263e-06
4668	True	0.003994074593225603	0.03582678	1.1635589e-05
4676	False	0.8663689082786443	0.87012476	0.9484932
4680	False	0.8731414935368961	0.88550633	0.8500808
4688	False	0.8292554935226977	0.8396715	0.8563501
4692	True	0.01365289038523201	0.031601295	0.7050244
4697	False	0.8492176386913229	0.8949625	0.94972354
4698	False	0.892661664642566	0.8755122	0.74703395
4707	False	0.7852103595425055	0.82359076	0.9373792
4708	False	0.9710553160985562	0.91895497	0.9395081
4709	False	0.919859352854981	0.8527944	0.89990175
4711	False	0.9122637010589127	0.9101862	0.8852393
4714	False	0.7757966143888474	0.87844265	0.81759053
4719	False	0.9305798389884921	0.8460589	0.75674397
4720	False	0.9320967023172906	0.8850143	0.87303495
4727	True	0.5440567240280434	0.5133895	0.69626
4728	False	0.9514203657392936	0.8614797	0.87736225
4732	True	0.033865419095280395	0.02267862	0.8394011
4734	False	0.74886268478856	0.8382378	0.72407246
4736	False	0.9558718066928644	0.87132967	0.98213327
4737	True	0.6702860611579027	0.913357	0.8787383
4764	False	0.9520405872362026	0.8680953	0.9297134
4765	False	0.9322560388725427	0.8697294	0.87411195
4772	False	0.859918817556049	0.8746044	0.87632483
4773	False	0.9031366280241259	0.8596838	0.90031034
4776	False	0.8060512064018106	0.9133048	0.6653018
4778	False	0.9314079422382672	0.8674766	0.8094921
4789	False	0.8741617357001972	0.8716095	0.7456249
4790	False	0.9746405849279938	0.8955726	0.98013115
4796	False	0.9003131030307616	0.85595316	0.8718651
4803	False	0.7963080256688058	0.8755313	0.9436986
4809	False	0.7346715296421715	0.82475454	0.7615708
4834	False	0.9243086571505799	0.9168748	0.88535815
4836	False	0.7858693220026127	0.86207545	0.8629707
4837	False	0.9484541016559778	0.8918091	0.89785135
4839	False	0.9339962270326012	0.8775246	0.8599284
4848	True	0.08391021886149422	0.03579109	0.7889738
4850	False	0.8976882697355137	0.8834084	0.86225396
4852	False	0.8011165053484373	0.8362418	0.9711609
4855	True	0.45155711403550025	0.8438423	0.91875637
4859	False	0.9535928143712575	0.8879071	0.8772246
4868	False	0.9612377473363776	0.8702431	0.8295269
4872	False	0.8920662598081952	0.84235305	0.92409295
4878	False	0.9803802645399367	0.84427494	0.9838459
4880	False	0.8457231138286638	0.87820506	0.90776795
4886	False	0.8255254580195572	0.87774	0.9186617
4888	False	0.9574403126335715	0.90384907	0.6825637
4895	False	0.917117294698687	0.8845615	0.9174283
4898	True	0.17326497853524	0.25423363	0.65219975
4901	False	0.882629053835863	0.8780336	0.9168193
4908	False	0.9126924411830329	0.8560644	0.8649732
4909	True	0.6679063574254047	0.8298519	0.7405344
4912	False	0.7807786627888205	0.8164291	0.9772073
4915	False	0.826271186440678	0.86298716	0.8820804
4916	False	0.9271572506367233	0.88223	0.83312166
4921	False	0.9560674291239246	0.8677054	0.9477747
4922	False	0.8202134215562259	0.889083	0.84243715
4933	False	0.8284091673752532	0.8777258	0.91015947
4934	True	0.433544467012307	0.8286445	0.7055086
4939	True	0.09131343283582088	0.04597908	0.7842111
4940	True	0.02903279170649217	0.038732484	0.82030725
4947	False	0.7887770990537789	0.79677075	0.82827187
4958	False	0.8611003717472119	0.879818	0.88227004
4966	False	0.8655059207985796	0.8087008	0.95336264
4973	False	0.9346653329571588	0.8622197	0.8466155
4980	True	0.03165702185642971	0.022934051	0.81332
4982	False	0.9173633746973943	0.89935917	0.9647709
4984	True	0.041379310344827586	0.090352334	0.7969497
4985	False	0.9289188320990441	0.88300997	0.9437302
4987	False	0.9381366035262868	0.89689195	0.88786733
4989	False	0.9508446807939194	0.858859	0.9378106
4995	True	0.33897802979469227	0.64043653	0.71645576
4999	False	0.905062126092959	0.8764855	0.75316787
5000	False	0.9532232122593569	0.88200337	0.8612503
5005	False	0.9375101989581371	0.8561831	0.8608009
5006	False	0.9015157912514777	0.9192939	0.90839946
5007	False	0.8587904659020209	0.874443	0.9408725
5008	False	0.9087779690189329	0.87502015	0.89268625
5010	False	0.8816762475373114	0.9046467	0.89730966
5012	False	0.9762514397461075	0.9382675	0.90664303
5014	False	0.7574691028903284	0.879713	0.7768016
5017	True	0.07584830339321358	0.02834995	0.8809002
5018	False	0.8330584035847194	0.8121101	0.9333399
5023	False	0.9359839629535267	0.87971616	0.8854588
5030	False	0.9528574754039584	0.8707208	0.7019125
5037	False	0.8694458207199948	0.88532656	0.8631026
5038	True	0.7183818804883273	0.8021878	0.9016329
5043	False	0.7662944501575677	0.83726287	0.7265533
5046	False	0.8973485122295664	0.8670393	0.93309975
5048	False	0.9086295404677208	0.86511606	0.89992696
5054	False	0.9276036349806842	0.87832665	0.87368375
5058	False	0.9106867737602085	0.86594933	0.95421344
5059	False	0.8474450647096949	0.8627721	0.91754496
5062	False	0.7884705791462634	0.84578115	0.84068596
5063	False	0.8661279968395843	0.8911883	0.9308882
5072	True	0.03329326923076923	0.0542607	8.775432e-05
5074	False	0.8964336051545354	0.8687631	0.89274997
5077	False	0.898099240342654	0.8801712	0.9013548
5079	False	0.7970944238791938	0.8878362	0.8673668
5080	False	0.8928849685569592	0.88200104	0.8755783
5082	False	0.7366356694714904	0.86059934	0.8304486
5085	True	0.031064906527276056	0.085938804	0.83795804
5087	True	0.5934318570389737	0.90703213	0.82161963
5092	False	0.9085091952612708	0.8597308	0.87498987
5101	True	0.02131343833471493	0.027543416	1.8031573e-05
5105	False	0.9710743801652892	0.88149434	0.89692193
5108	False	0.9325443611493716	0.8575453	0.98890114
5111	False	0.913570607652294	0.8834859	0.91530335
5112	False	0.7389392706274465	0.87138677	0.91743356
5113	True	0.014896075033532078	0.04800831	3.550376e-05
5117	False	0.81988358714044	0.8457122	0.96804047
5121	False	0.9278680565488054	0.89030737	0.92134666
5123	True	0.49733569377653297	0.85981184	0.7652279
5124	False	0.7476833976833976	0.8834772	0.9075588
5125	False	0.9652173913043478	0.8829897	0.84777087
5126	False	0.9455452194535763	0.88560414	0.9715503
5146	False	0.9756648772059731	0.88378185	0.9807997
5147	False	0.9103675334274004	0.8199651	0.9111436
5157	False	0.9166666666666666	0.8769302	0.9309248
5166	False	0.8041065317661062	0.87915355	0.926233
5168	False	0.9397291710874811	0.88734645	0.86752284
5172	False	0.8372089389711943	0.9024472	0.9019035
5174	True	0.3894230769230769	0.741154	0.6205928
5176	True	0.41137542305219355	0.86895514	0.87049675
5178	False	0.8526016016633335	0.8980188	0.89625406
5186	False	0.9019427043910571	0.83297384	0.919872
5191	True	0.026927169407711712	0.01801227	1.4789652e-05
5192	False	0.9181979549488737	0.86656433	0.8755497
5193	True	0.020812789344492308	0.024118034	0.76938856
5199	False	0.8503982034849207	0.8980795	0.8860323
5200	True	0.03317385270387881	0.042650618	0.7418329
5201	False	0.9436140053753543	0.87890303	0.89125156
5203	False	0.9675063003717843	0.8897037	0.8604711
5204	False	0.8651941605418925	0.88174444	0.7860552
5207	False	0.9692307692307692	0.8534522	0.8336732
5209	True	0.6467081078411312	0.8270274	0.73190224
5215	False	0.799509867426696	0.8857702	0.83904094
5224	False	0.9315738705398964	0.8756713	0.9729892
5229	False	0.8656861748967013	0.8422538	0.8801342
5230	False	0.8675613994297532	0.9110869	0.82364833
5233	False	0.8513219241184846	0.892378	0.9607603
5236	False	0.8186936936936937	0.8907414	0.79423916
5237	False	0.9002873710116774	0.88105625	0.7390958
5240	False	0.8856502242152466	0.87056774	0.86137325
5241	False	0.9211215684415153	0.8771516	0.9396947
5255	True	0.6079307274897112	0.8772452	0.8638402
5256	False	0.8487768754576317	0.8517927	0.80672085
5263	False	0.9340033860615555	0.87792164	0.8266325
5266	False	0.9367661737122026	0.87068546	0.8900409
5274	False	0.9287617349970292	0.8849134	0.95708084
5277	True	0.01771384244897576	0.11130076	0.5968728
5283	False	0.8046880767811	0.8722742	0.8498232
5296	False	0.8157798423423424	0.8955109	0.8978769
5297	False	0.8806199314233341	0.9125559	0.89805764
5300	True	0.7185279821370771	0.78575623	0.58990073
5302	False	0.8189900725143016	0.8719233	0.9427069
5304	True	0.6563608922587658	0.76687366	0.6114911
5308	False	0.9544824833286372	0.9039277	0.9814231
5320	False	0.9549087417929554	0.8811328	0.97098625
5326	False	0.8989527629233511	0.87485313	0.89322126
5328	False	0.9193525641025642	0.87693286	0.908936
5330	False	0.7803050805466827	0.87333226	0.91638964
5341	False	0.9206734802986134	0.8767815	0.91133374
5346	False	0.9454628362973097	0.87538147	0.9188439
5348	False	0.9733542319749217	0.88500917	0.87845194
5349	False	0.8989768333975183	0.882294	0.93916684
5358	False	0.8858695652173914	0.8660535	0.9729602
5363	False	0.7352530959108858	0.83891517	0.9737059
5367	False	0.95	0.91969085	0.93180454
5373	False	0.9931972789115646	0.8770603	0.9136938
5375	False	0.7471340954338193	0.9103787	0.9406778
5380	False	0.7950690995187483	0.8616307	0.89145964
5388	False	0.9431486880466472	0.84091955	0.8104634
5395	False	0.9516966469031588	0.8816451	0.96054286
5397	False	0.8523624496139723	0.8452744	0.8800603
5400	False	0.8333913621946156	0.8621623	0.79794836
5404	False	0.9174637815750372	0.8214302	0.9378104
5418	True	0.028862962852699008	0.0344992	1.2658243e-05
5422	True	0.019739140561313612	0.018673306	0.7208089
5425	False	0.9221696132854411	0.89365023	0.87610465
5428	False	0.9222531802319036	0.8658137	0.8760365
5434	False	0.9121829018182819	0.88772756	0.9597875
5435	False	0.7553936925647452	0.8738248	0.9030299
5444	False	0.93126757516764	0.87620133	0.79214174
5453	False	0.9309188912237458	0.885056	0.7759216
5458	False	0.8769043521579638	0.91396856	0.8594982
5461	False	0.8373396318328916	0.87929446	0.918303
5462	False	0.9502729754322111	0.8678228	0.92166615
5463	False	0.927694406548431	0.87418693	0.904016
5465	False	0.9304753048621606	0.81046474	0.95805186
5466	False	0.9055516746663062	0.82350665	0.6715692
5469	False	0.9175794440013896	0.8870768	0.9180177
5470	False	0.8301756763070598	0.84385455	0.90875757
5483	False	0.9135340731875385	0.89871204	0.90780294
5486	False	0.8525346389555022	0.8917306	0.9203106
5487	False	0.8007751433038041	0.8897747	0.847065
5489	False	0.8335411008232114	0.85423917	0.84082156
5492	False	0.8394176818656456	0.8831384	0.93493664
5496	True	0.7184285179039769	0.82721055	0.8184821
5499	True	0.626699533843547	0.81245166	0.62565273
5504	True	0.3328537769904523	0.87443835	0.68554634
5510	False	0.918302434716015	0.8807126	0.8732276
5516	False	0.9203114579669474	0.86741245	0.9560336
5522	True	0.6716741003689566	0.85191756	0.89530164
5529	False	0.9507575757575758	0.88616526	0.9134356
5534	False	0.8517694966110323	0.8885424	0.8682989
5536	False	0.9098606374973984	0.88689005	0.9657446
5537	False	0.8829787234042553	0.86327064	0.9159584
5540	False	0.7526439027677172	0.8790038	0.9104215
5541	True	0.6599063741252127	0.8728663	0.88472855
5542	False	0.9260896997739103	0.8713792	0.8259943
5549	False	0.9660696991459783	0.8284613	0.98504525
5551	False	0.8840739622738454	0.84964526	0.9774144
5554	True	0.033953368183716456	0.031281378	0.73225725
5561	False	0.8075471698113208	0.87214243	0.8243702
5563	False	0.8146232184969631	0.8130679	0.90045166
5564	False	0.8788593824988002	0.9016122	0.89890975
5572	False	0.9172275116782342	0.88278073	0.9305968
5577	False	0.9490466482791702	0.80817854	0.88867426
5578	False	0.9447292678539305	0.8979239	0.9475342
5583	False	0.7618814575652493	0.83622235	0.95969725
5587	False	0.8011310350001876	0.8482132	0.77046216
5588	False	0.7832895802496719	0.9033765	0.86812305
5593	True	0.19843924191750278	0.8733352	0.7797671
5595	False	0.8179857143778637	0.8850924	0.84746325
5596	False	0.766317884746134	0.8797132	0.9378723
5601	False	0.9073406568654986	0.88174206	0.87940633
5604	True	0.027879403703251364	0.040976677	0.6609441
5608	False	0.92822505009842	0.8779503	0.96130675
5619	False	0.9144288150042625	0.8880781	0.91151875
5625	True	0.5246977900715064	0.8831543	0.6957332
5628	True	0.5427807612587149	0.8835843	0.8435588
5629	False	0.8563447052543626	0.8846349	0.9161312
5634	False	0.9659090909090909	0.8922633	0.74694175
5638	True	0.6998794039277176	0.84142435	0.87772065
5641	False	0.9382644986340589	0.8792761	0.9280837
5646	False	0.9662162162162162	0.91645765	0.9088087
5647	False	0.9051371512063713	0.888081	0.94900084
5656	False	0.9534414778166378	0.8854849	0.9418085
5657	False	0.853278709099405	0.87087774	0.85491115
5658	True	0.020821525907992116	0.04395832	0.5687432
5659	False	0.9074150973159375	0.8507944	0.98420036
5660	False	0.9192366600930909	0.92803186	0.90790474
5664	False	0.933361558400015	0.8734986	0.8660639
5674	False	0.7669318463104046	0.8438821	0.7476716
5695	True	0.5068272101598326	0.75253266	0.8594228
5697	False	0.8292995232907059	0.8390012	0.91098183
5699	False	0.8438746395042032	0.8466592	0.8760292
5702	False	0.897633149056299	0.89199954	0.90730494
5703	False	0.9502777777777778	0.8667927	0.8775713
5716	False	0.8469844621016723	0.87120163	0.8694008
5726	False	0.8902046949743776	0.8311179	0.92287076
5727	False	0.8774039483190956	0.81672406	0.916248
5734	True	0.3544995831130272	0.7574262	0.59382915
5738	False	0.8981988366977858	0.850455	0.6887913
5741	False	0.98989898989899	0.88595396	0.948542
5751	False	0.9583333333333334	0.88959694	0.9408275
5755	False	0.932537121147387	0.88941497	0.88613766
5770	False	0.8990151698040851	0.88967746	0.9038107
5771	False	0.8261488735279058	0.84947705	0.88103116
5774	False	0.9433605565638233	0.8813022	0.91306
5775	True	0.7029921460909894	0.87352246	0.9002201
5776	False	0.8116715690780403	0.8672281	0.9088868
5780	False	0.8254760029504057	0.8803839	0.89761907
5783	True	0.355519921612223	0.85059386	0.7683148
5790	False	0.8036762194553979	0.8783626	0.89442843
5798	True	0.3271917659668917	0.7413617	0.6966653
5814	False	0.9078260510032237	0.8732822	0.963953
5819	False	0.8113979923392537	0.85803	0.8530229
5820	False	0.9519958631199876	0.8749088	0.9872985
5821	True	0.023193067328771973	0.03208808	0.8530223
5826	False	0.8594330494838858	0.87630534	0.8507684
5833	False	0.9214893520578878	0.8709245	0.95826846
5843	False	0.9046843374728697	0.895306	0.88147575
5844	False	0.9214529344885718	0.82473963	0.9601261
5850	True	0.022202275551888632	0.031790454	0.7554499
5866	False	0.846745198221213	0.8266132	0.8312281
5868	True	0.02556331605885686	0.013840908	0.84924203
5869	False	0.864410429818584	0.85576063	0.9207975
5876	False	0.7721026889503004	0.8125834	0.86226237
5878	False	0.944568333864288	0.8976562	0.8569807
5881	True	0.031088082901554404	0.07903808	2.9715898e-07
5883	True	0.31832651205093226	0.82600063	0.7751633
5885	True	0.03178082191780822	0.024234567	1.0916334e-05
5889	True	0.4910220994475138	0.5167291	0.8653059
5894	True	0.3662447257383966	0.83048785	0.7625463
5895	True	0.033203125	0.032641508	1.0052376e-05
5896	True	0.07841369986480397	0.465973	0.61044276
5901	True	0.27452331725246953	0.604975	0.75931656
5906	True	0.5372516556291391	0.66333145	0.7216303
5907	True	0.5323741007194245	0.865493	0.8856174
5908	True	0.717391304347826	0.9290929	0.8440217
5910	False	0.7892376681614349	0.7841273	0.76642644
5911	True	0.06459948320413436	0.22981735	0.86443585
5912	True	0.027410012412081092	0.0433429	3.5853383e-05
5913	False	0.9462989840348331	0.9191061	0.7820405
5919	True	0.18892508143322476	0.6274079	0.65579665
5921	True	0.5706727135298564	0.86462617	0.8924076
5925	True	0.04343720491029273	0.023261342	5.6814993e-06
5928	True	0.0248015873015873	0.032229073	0.00057490886
5929	True	0.2992125984251969	0.8394424	0.5229456
5939	True	0.1633435582822086	0.882506	0.65285975
5940	True	0.0307943543683658	0.033024505	3.255226e-05
5941	False	0.8365735115431349	0.8681956	0.90730035
5947	True	0.5979381443298969	0.86524034	0.80342865
5948	True	0.40217391304347827	0.8815983	0.9200824
5951	True	0.1781701444622793	0.7714208	0.7162818
5954	True	0.050505050505050504	0.27807638	0.75626206
5956	True	0.027245835279464423	0.03941741	8.079299e-05
5957	True	0.10256410256410256	0.8949356	0.5363035
5962	False	0.7695919104369808	0.8452742	0.7426921
5966	True	0.046811397557666216	0.02571069	4.656994e-06
5967	True	0.34454545454545454	0.7588582	0.6097599
5969	True	0.023026315789473683	0.04424585	1.2255543e-05
5970	False	0.7540106951871658	0.8847062	0.7690134
5972	True	0.03009259259259259	0.05521972	3.4280227e-05
5973	True	0.035861258083480306	0.029545605	1.28128595e-05
5974	True	0.007662835249042145	0.060379263	0.00024556735
5975	True	0.6712328767123288	0.889398	0.875254
5976	True	0.016260162601626018	0.014591708	5.309984e-06
5978	True	0.0740242261103634	0.6964802	0.58583325
5980	True	0.1441717791411043	0.3236065	0.39985895
5981	True	0.04842259721203228	0.069610566	0.0043396084
5982	True	0.027247956403269755	0.10562588	2.7293096e-05
5983	True	0.037590361445783135	0.03535959	6.3131242e-06
5984	True	0.40298507462686567	0.83870214	0.81572324
5985	False	0.8698630136986302	0.8373998	0.76051295
5990	True	0.09507042253521127	0.16466957	0.7865405
5995	True	0.05357142857142857	0.03382393	8.368904e-06
5996	True	0.12831858407079647	0.8407642	0.9266529
5997	True	0.029621125143513203	0.026751615	2.4611043e-05
5999	True	0.5595344673231871	0.8786275	0.8104273
6000	True	0.040266912103083294	0.03176009	0.8472055
6008	True	0.03483606557377049	0.053517316	2.5926478e-05
6012	True	0.16117021276595744	0.82858205	0.49292478
6013	False	0.7470588235294118	0.8809365	0.87349004
6014	False	0.9085714285714286	0.87980306	0.95484954
6015	True	0.033344230140568816	0.035119306	1.2318998e-05
6019	True	0.0249645390070922	0.025470024	6.8930836e-05
6020	True	0.23466092572658773	0.8874622	0.6830636
6021	True	0.026729275781108904	0.09680762	0.00027252297
6025	True	0.02344296710986704	0.029136416	1.5663189e-05
6027	True	0.01980362789149609	0.06746425	2.262006e-05
6029	True	0.2936344969199179	0.6961387	0.6487299
6030	True	0.5244667503136763	0.85000014	0.80344343
6031	True	0.023485784919653894	0.021333024	1.5809153e-05
6034	True	0.02529021558872305	0.060837314	3.4692606e-05
6036	False	0.8730684326710817	0.8790681	0.9308087
6038	True	0.02725945156579588	0.024528855	2.6364676e-05
6040	True	0.028380634390651086	0.023673033	1.22757865e-05
6043	True	0.018164435946462717	0.0245105	1.7526667e-05
6045	True	0.02972972972972973	0.070519395	5.9110695e-05
6048	True	0.036458333333333336	0.036447007	0.78844273
6055	True	0.03299492385786802	0.024400178	1.4372215e-05
6057	True	0.04130808950086059	0.033506885	9.976831e-06
6059	True	0.45433526011560693	0.8539669	0.73629236
6060	True	0.028028224225793805	0.06537365	3.664227e-05
6062	False	0.838006230529595	0.8744063	0.9037687
6063	True	0.38	0.8884928	0.8835689
6074	True	0.19768003866602224	0.80569804	0.792153
6075	True	0.4221724524076148	0.82059664	0.7606182
6083	True	0.025736539112766677	0.026806936	3.2519638e-06
6085	False	0.8134057971014492	0.88506526	0.926926
6090	True	0.2251655629139073	0.28153276	0.5212971
6092	True	0.031085257225958916	0.056872215	3.17203e-05
6093	True	0.024915824915824916	0.027346408	5.1302e-06
6094	True	0.04450499545867393	0.036374792	4.4368e-06
6099	True	0.023192360163710776	0.022148445	1.823928e-05
6103	True	0.025	0.039066985	5.699061e-06
6106	True	0.4017467248908297	0.8518608	0.8436114
