ID	Chr	Strand	SS1_pos	SS2_pos	SS3_pos	SS4_pos	Tissue	RBP_KD	Label_dPSI	TrASPr_pred_dPSI	Pangolin_pred_dPSI	SpliceAI_pred_dPSI
5f3iE4L8iYQ	13	+	75804541	75809154	75809183	75817161	HepG2	QKI	-0.2571643687648556	-0.0048471093	-0.050409734	-0.024215393
ULSCk2ltTog	1	+	51750195	51756320	51756358	51760690	HepG2	QKI	-0.42511855616514116	-0.005061269	0.005954832	-0.013650119
EhgoVsvvlPE	8	-	143938631	143938415	143938401	143938240	HepG2	PTBP1	0.1780794338830165	0.00042043626	-8.8838715e-07	1.2810633e-06
LaKzbnv8now	3	-	65453258	65448057	65448022	65442849	HepG2	PTBP1	0.5105430778715294	0.062856	-4.983022e-09	3.0849847e-09
A90SxIcfmTI	21	+	46635763	46636439	46636547	46636896	HepG2	QKI	-0.2507720802495199	-0.016515613	-0.011100441	-1.4973106e-05
Yji6qeBjqLE	9	-	35685269	35685139	35685064	35684807	K562	PTBP1	-0.6295159512022672	0.03444302	-7.126914e-09	5.7279737e-11
2L_GkdJsdOo	11	+	120407823	120409394	120409450	120420753	K562	PTBP1	0.37523170625271884	0.0788219	-0.007435322	-0.047632575
Z-LFnUMlRis	9	-	136445645	136445111	136445052	136443900	HepG2	QKI	-0.5127299589337051	-0.0028999746	1.0239091e-07	-7.2505024e-10
8vBeawVcnnY	7	-	158759486	158752843	158752781	158749723	HepG2	QKI	0.5374511896977129	8.738041e-05	6.878622e-10	3.476952e-11
8vBeawVcnnY	7	-	158759486	158752843	158752781	158749723	K562	QKI	0.15200434795044546	-0.0004980564	1.0308554e-10	4.8423487e-12
Av7FkS3WhJU	2	-	215394528	215393203	215392931	215391814	HepG2	QKI	0.29419569475141605	0.1163733	-4.5073932e-08	7.85854e-08
T5s1Auqn3XA	18	-	10714764	10708439	10708275	10705746	HepG2	QKI	0.504831246994537	0.019275947	-9.2931884e-10	-1.1901697e-09
Csx9lvh9MzM	20	+	35617840	35618087	35618130	35618450	HepG2	PTBP1	0.27481536899565195	-0.019478917	-0.23949772	-0.38654327
vWjubl2Y3pY	1	-	156939548	156938513	156938418	156937496	HepG2	PTBP1	0.5385472566836481	0.15348691	5.685981e-07	1.9344114e-08
KmbyETupRyk	6	-	35480312	35480122	35480060	35479316	HepG2	PTBP1	0.36781462732958414	-0.0012324229	-7.61162e-07	1.3217312e-08
c0_ycnJAZps	7	+	74364315	74372932	74373036	74375887	HepG2	PTBP1	0.18737787813955037	0.1041235406	-0.017947793	-0.061738223
FJUd45nh2VQ	2	+	62979335	62987931	62988038	62990716	HepG2	QKI	0.3828895752614303	0.057270408	-0.0680272	-0.048793465
U8hatjYiJh0	5	+	149239888	149242491	149242538	149244881	HepG2	PTBP1	0.35949298586613904	0.09914237	-0.11743018	-0.24838775
dCi98DX_q6I	11	-	85981129	85978093	85978070	85976682	K562	QKI	-0.24442140865432632	-0.0055629015	5.0947335e-10	2.1976199e-10
pIGR7Z_BdTE	9	-	120467860	120460667	120460572	120458622	K562	PTBP1	-0.2366753222568031	0.02449745	-1.276436e-08	-1.67325e-09
jseSK7A8k9g	11	-	75272895	75271724	75271701	75268959	HepG2	PTBP1	0.5460118114825478	0.16234219	4.266635e-05	3.3944086e-06
jseSK7A8k9g	11	-	75272895	75271724	75271701	75268959	K562	PTBP1	0.5256455275657195	0.05604902	1.1529337e-06	-2.5074064e-07
B5rN7t8DP1o	2	+	101859864	101860825	101860986	101864930	HepG2	QKI	0.41221040797149355	0.24216813	-0.13565278	-0.11259657
4DbZL_vU9zM	7	-	12389127	12388957	12388808	12383601	K562	TIA1	-0.17480416168065993	-0.20240484	-6.4773985e-08	3.4448163e-08
KwdsKzNUCUk	6	+	167911489	167913403	167913423	167914168	HepG2	QKI	-0.17273815138613113	0.004456699	0.00029248	-3.1650066e-05
KwdsKzNUCUk	6	+	167911489	167913403	167913423	167914168	K562	QKI	-0.27801147723184516	-0.0006753504	0.00010898709	-0.00028643012
KwdsKzNUCUk	6	+	167911489	167913403	167913423	167914168	K562	PTBP1	-0.3429299907277287	0.05433327	-0.19553064	-0.05246988
EwZ8ii6CHb8	11	+	85628688	85631145	85631316	85631687	HepG2	TIA1	0.21374850103858756	-0.011868119	8.787215e-05	0.00033694506
gSDNYS2AF78	2	-	127869454	127867279	127867145	127866996	HepG2	TIA1	0.1916549445250026	-0.22689116	1.04120915e-07	-2.5382452e-10
wT1lSY7reCg	5	+	34812208	34813574	34813660	34814583	HepG2	QKI	0.4382500163912001	0.04233861	-0.024679005	-0.37927982
kn7iVRmq3xE	15	+	75012805	75016593	75016749	75017870	HepG2	PTBP1	0.6318298432423233	0.068236575	-0.010417879	-0.007119566
Uctv2e3UITs	6	-	31889228	31889070	31888969	31888747	HepG2	TIA1	0.21537855921624538	0.021954894	-3.5256562e-08	-4.4031623e-10
_UWRoBz98Fc	X	-	129496750	129493075	129493040	129492093	HepG2	PTBP1	-0.4090965557412076	0.015789986	-4.9783466e-10	1.05941034e-10
6rrBpqnVJMY	1	+	11828219	11828458	11828624	11829196	HepG2	PTBP1	0.3002109847432872	0.11649066	-0.009072363	-0.1314143
KK90jfjTNJA	20	-	5593327	5586269	5586194	5584322	K562	TIA1	0.2580150798500006	0.033534665	-1.8907173e-08	8.565131e-10
GQatj_Kd2Qw	6	-	56469883	56468999	56468982	56466195	HepG2	QKI	-0.7020883894449477	-0.0013020039	8.6860496e-08	1.506487e-08
kQp4wy83D2A	4	-	84733382	84726911	84726861	84724594	HepG2	QKI	-0.421899327358367	-0.00021576881	-3.3159608e-10	-4.336819e-09
QI2MHvsIQy8	6	-	138447001	138442114	138441983	138433680	HepG2	QKI	0.27415850805227393	0.208883119	5.3562133e-08	4.574676e-08
-XFlrb5lAWE	6	+	144821018	144827348	144827386	144827611	HepG2	QKI	-0.48131135598144303	0.010150611	-0.0212981892	-0.008919135
qVaqcBOQpo8	1	+	12335827	12338231	12338305	12341783	K562	PTBP1	0.46546480567015946	0.0550109923	-0.14897545	-0.09013942
6sSnMT_vZyA	9	-	128273850	128272865	128272785	128268524	HepG2	PTBP1	0.3889277794973214	0.019229025	-1.6067938e-06	1.0837842e-09
6sSnMT_vZyA	9	-	128273850	128272865	128272785	128268524	K562	PTBP1	0.46241453875481897	0.039003521	-1.6055319e-06	1.0035253e-09
0S76XtOd8Ng	16	-	3778011	3777657	3777613	3774693	HepG2	PTBP1	-0.40807671822031905	0.025397718	-6.3679124e-09	-2.2163493e-10
xAo0WAJnyQQ	14	-	35549110	35548538	35548508	35539690	HepG2	QKI	-0.8138543802867615	0.0021095723	1.0341665e-09	2.0308666e-10
irMETX228NI	16	-	67236557	67236434	67236411	67234472	K562	PTBP1	0.3342097991699906	0.00055864453	4.2113716e-06	2.8179481e-06
uk8WiJP5owk	17	+	8460160	8463320	8463354	8466930	HepG2	QKI	-0.42016198649065906	-0.105547965	-0.0066864626	-0.0137967225
jwlzNNYFK6Y	2	+	158674000	158676739	158676867	158678581	K562	PTBP1	0.3607583184863389	0.11660144	-0.04552728	-0.16662279
p-V9XB5uKio	7	+	105014535	105038126	105038199	105040839	K562	PTBP1	0.38759983230455625	-0.012919292	0.0	0.0
tSXLC8Mk4O8	11	+	63903158	63903986	63904147	63904786	HepG2	QKI	0.6664122375855809	0.022681564	-0.01408902	-0.023619115
bi2EeL26NLY	7	-	142961795	142961501	142961360	142961104	K562	PTBP1	0.1778257771456112	0.021793315	-1.6659214e-08	3.6803577e-08
3VUe_vwx6jc	7	-	154991006	154986179	154986056	154983332	HepG2	QKI	0.21181057155736166	0.11226306	1.4236321e-08	7.943868e-11
orCH0ejkLuQ	3	+	57864857	57865242	57865292	57871636	HepG2	TIA1	0.30325969723379975	0.126731429	-0.00039191265	-0.002974525
FYXd7LfJ0KA	17	-	76094414	76091235	76091143	76089320	HepG2	PTBP1	0.4065374943470714	0.13686581	-7.110907e-07	1.2990313e-08
HeDgnQ6F2h4	11	-	85996826	85990399	85990250	85983973	HepG2	QKI	0.3983367980695612	0.019383844	1.3974812e-07	2.5541148e-08
ObNIyiY4roo	17	+	17180088	17180607	17180669	17184823	HepG2	QKI	-0.3478419400180919	-0.039124012	-0.000102609396	-3.874302e-07
ObNIyiY4roo	17	+	17180088	17180607	17180669	17184823	Brain_Cerebellum	RBFOX2	0.18264736550325888	-0.29710972	-0.20338537	0.03807822
fFp6OQ4Is84	2	+	101867309	101868029	101868037	101869622	HepG2	PTBP1	0.614704256021942	0.305570382	0.030033265352	0.00016156211
uXQrIibTsTc	13	-	37012192	37010655	37010552	37009809	HepG2	PTBP1	0.4684914412502502	0.07234706	-2.3191802e-08	1.5351088e-07
dZj9f95sim8	17	-	4969630	4969520	4969500	4969337	HepG2	QKI	0.2595054360991633	0.007949915	1.0374589e-07	2.4908545e-08
NMQr3dm1gjs	8	-	143808609	143807614	143807552	143807013	HepG2	QKI	0.2396336807552063	-0.013978243	-2.470406e-07	7.4551076e-07
7JkrYYe7yNc	chr17	-	50977108	50975901	50975863	50974947	Brain_Cerebellum	RBFOX2	-0.38522089993862474	0.0022363216	1.2381292e-08	-3.626326e-10
g6r7YHZbbD0	chr3	-	168041392	168040869	168040786	168036994	Brain_Cerebellum	RBFOX2	0.20715576652858325	-0.5056381	-3.441771e-08	-3.1935947e-09
tLJWqbtME1I	chr1	-	9741094	9737554	9737498	9736042	Brain_Cerebellum	RBFOX2	-0.6364232430119914	0.10169572	-1.5621072e-07	4.7504727e-08
-eIGKSGbhIU	chr21	-	26000015	25997416	25997360	25982477	Brain_Cerebellum	RBFOX2	0.36002730811365846	-0.028849006	1.609682e-08	8.962971e-09
jRHFCbYhQGg	chr11	+	70420510	70421470	70421580	70422940	Brain_Cerebellum	RBFOX2	-0.46156968562360134	-0.01348567	-0.06099029	-0.13041282
BIF4CdJ7ty8	chr7	+	117131960	117134124	117134192	117136081	Brain_Cerebellum	RBFOX2	-0.4360730309374058	-0.016319335	-0.00012603961	0.0030228347
QByZ9ltfmW0	chr12	+	56160320	56160626	56160670	56161387	Brain_Cerebellum	RBFOX2	-0.2545740570402562	-0.023526967	0.025482267	0.008010164
ICF_vREX9s0	chr6	-	17794249	17789910	17789872	17787875	Brain_Cerebellum	RBFOX2	-0.3519387692357422	-0.035078228	-1.4147194e-07	6.9801445e-09
